-- MySQL dump 10.16  Distrib 10.1.26-MariaDB, for debian-linux-gnu (x86_64)
--
-- Host: localhost    Database: creexapp2
-- ------------------------------------------------------
-- Server version	10.1.26-MariaDB-0+deb9u1

/*!40101 SET @OLD_CHARACTER_SET_CLIENT=@@CHARACTER_SET_CLIENT */;
/*!40101 SET @OLD_CHARACTER_SET_RESULTS=@@CHARACTER_SET_RESULTS */;
/*!40101 SET @OLD_COLLATION_CONNECTION=@@COLLATION_CONNECTION */;
/*!40101 SET NAMES utf8mb4 */;
/*!40103 SET @OLD_TIME_ZONE=@@TIME_ZONE */;
/*!40103 SET TIME_ZONE='+00:00' */;
/*!40014 SET @OLD_UNIQUE_CHECKS=@@UNIQUE_CHECKS, UNIQUE_CHECKS=0 */;
/*!40014 SET @OLD_FOREIGN_KEY_CHECKS=@@FOREIGN_KEY_CHECKS, FOREIGN_KEY_CHECKS=0 */;
/*!40101 SET @OLD_SQL_MODE=@@SQL_MODE, SQL_MODE='NO_AUTO_VALUE_ON_ZERO' */;
/*!40111 SET @OLD_SQL_NOTES=@@SQL_NOTES, SQL_NOTES=0 */;

--
-- Table structure for table `archivo`
--

DROP TABLE IF EXISTS `archivo`;
/*!40101 SET @saved_cs_client     = @@character_set_client */;
/*!40101 SET character_set_client = utf8 */;
CREATE TABLE `archivo` (
  `id` int(10) unsigned NOT NULL AUTO_INCREMENT,
  `archivo` varchar(191) COLLATE utf8mb4_unicode_ci NOT NULL,
  `estado` tinyint(1) NOT NULL DEFAULT '1',
  `usuario_creacion` int(11) NOT NULL,
  `usuario_modificacion` int(11) NOT NULL,
  `created_at` timestamp NULL DEFAULT NULL,
  `updated_at` timestamp NULL DEFAULT NULL,
  `leccion_id` int(10) unsigned NOT NULL,
  PRIMARY KEY (`id`),
  KEY `archivo_leccion_id_foreign` (`leccion_id`),
  CONSTRAINT `archivo_leccion_id_foreign` FOREIGN KEY (`leccion_id`) REFERENCES `leccion` (`id`)
) ENGINE=InnoDB DEFAULT CHARSET=utf8mb4 COLLATE=utf8mb4_unicode_ci;
/*!40101 SET character_set_client = @saved_cs_client */;

--
-- Dumping data for table `archivo`
--

LOCK TABLES `archivo` WRITE;
/*!40000 ALTER TABLE `archivo` DISABLE KEYS */;
/*!40000 ALTER TABLE `archivo` ENABLE KEYS */;
UNLOCK TABLES;

--
-- Table structure for table `cargos`
--

DROP TABLE IF EXISTS `cargos`;
/*!40101 SET @saved_cs_client     = @@character_set_client */;
/*!40101 SET character_set_client = utf8 */;
CREATE TABLE `cargos` (
  `id` int(10) unsigned NOT NULL AUTO_INCREMENT,
  `membresia_id` int(10) unsigned NOT NULL,
  `user_id` int(10) unsigned NOT NULL,
  `code_charge` varchar(191) COLLATE utf8mb4_unicode_ci NOT NULL,
  `created_at` timestamp NULL DEFAULT NULL,
  `updated_at` timestamp NULL DEFAULT NULL,
  PRIMARY KEY (`id`)
) ENGINE=InnoDB AUTO_INCREMENT=31 DEFAULT CHARSET=utf8mb4 COLLATE=utf8mb4_unicode_ci;
/*!40101 SET character_set_client = @saved_cs_client */;

--
-- Dumping data for table `cargos`
--

LOCK TABLES `cargos` WRITE;
/*!40000 ALTER TABLE `cargos` DISABLE KEYS */;
INSERT INTO `cargos` VALUES (1,1,39,'HCX94B6Y','2018-07-22 22:17:37','2018-07-22 22:17:37'),(2,1,39,'NJ6LE8K2','2018-07-22 22:18:15','2018-07-22 22:18:15'),(3,1,39,'93NJPXVV','2018-07-22 22:18:42','2018-07-22 22:18:42'),(4,1,4,'DAC48TPN','2018-07-23 02:41:34','2018-07-23 02:41:34'),(5,1,51,'LQXE34LA','2018-08-01 08:22:25','2018-08-01 08:22:25'),(6,1,51,'97BYHEE7','2018-08-01 08:22:56','2018-08-01 08:22:56'),(7,1,54,'P27XQQ7T','2018-08-01 21:42:22','2018-08-01 21:42:22'),(8,1,67,'LHFZARVK','2018-08-11 22:09:30','2018-08-11 22:09:30'),(9,1,70,'2C4V9R97','2018-08-13 19:33:26','2018-08-13 19:33:26'),(10,1,70,'X4XVEQJV','2018-08-13 19:40:12','2018-08-13 19:40:12'),(11,3,4,'W87R4NJ2','2018-08-13 21:30:30','2018-08-13 21:30:30'),(12,3,4,'72HREH5H','2018-08-13 21:31:49','2018-08-13 21:31:49'),(13,3,4,'4ZE9BMPB','2018-08-13 21:32:19','2018-08-13 21:32:19'),(14,3,4,'T7VHWXRY','2018-08-13 21:32:52','2018-08-13 21:32:52'),(15,1,84,'WF749XK2','2018-08-18 10:12:08','2018-08-18 10:12:08'),(16,1,84,'57X2L34D','2018-08-18 10:13:57','2018-08-18 10:13:57'),(17,1,84,'RRRZRCXE','2018-08-18 10:14:30','2018-08-18 10:14:30'),(18,4,113,'3PWJY9B9','2018-08-28 13:28:03','2018-08-28 13:28:03'),(19,10,115,'6P2YFTX9','2018-08-28 15:01:40','2018-08-28 15:01:40'),(20,10,116,'ZTW68BTH','2018-08-28 21:21:18','2018-08-28 21:21:18'),(21,1,139,'2TJLKXQ8','2018-09-03 15:38:54','2018-09-03 15:38:54'),(22,10,67,'FWG2LBT2','2018-09-03 19:59:42','2018-09-03 19:59:42'),(23,10,67,'E58M3M7J','2018-09-03 20:00:53','2018-09-03 20:00:53'),(24,10,67,'XYQCJ8GF','2018-09-04 05:04:22','2018-09-04 05:04:22'),(25,10,67,'5QJHCR33','2018-09-04 05:08:17','2018-09-04 05:08:17'),(26,10,67,'ZXM86ZFR','2018-09-04 09:00:07','2018-09-04 09:00:07'),(27,10,144,'RAK4V3GQ','2018-09-04 22:07:15','2018-09-04 22:07:15'),(28,10,144,'8VH4H2PN','2018-09-04 22:11:34','2018-09-04 22:11:34'),(29,10,153,'KE8GE7FQ','2018-09-10 07:38:32','2018-09-10 07:38:32'),(30,10,153,'W5KEZZ5V','2018-09-10 07:42:45','2018-09-10 07:42:45');
/*!40000 ALTER TABLE `cargos` ENABLE KEYS */;
UNLOCK TABLES;

--
-- Table structure for table `coinbase_webhook_calls`
--

DROP TABLE IF EXISTS `coinbase_webhook_calls`;
/*!40101 SET @saved_cs_client     = @@character_set_client */;
/*!40101 SET character_set_client = utf8 */;
CREATE TABLE `coinbase_webhook_calls` (
  `id` int(10) unsigned NOT NULL AUTO_INCREMENT,
  `type` varchar(191) COLLATE utf8mb4_unicode_ci DEFAULT NULL,
  `payload` text COLLATE utf8mb4_unicode_ci,
  `exception` text COLLATE utf8mb4_unicode_ci,
  `created_at` timestamp NULL DEFAULT NULL,
  `updated_at` timestamp NULL DEFAULT NULL,
  PRIMARY KEY (`id`)
) ENGINE=InnoDB DEFAULT CHARSET=utf8mb4 COLLATE=utf8mb4_unicode_ci;
/*!40101 SET character_set_client = @saved_cs_client */;

--
-- Dumping data for table `coinbase_webhook_calls`
--

LOCK TABLES `coinbase_webhook_calls` WRITE;
/*!40000 ALTER TABLE `coinbase_webhook_calls` DISABLE KEYS */;
/*!40000 ALTER TABLE `coinbase_webhook_calls` ENABLE KEYS */;
UNLOCK TABLES;

--
-- Table structure for table `countries`
--

DROP TABLE IF EXISTS `countries`;
/*!40101 SET @saved_cs_client     = @@character_set_client */;
/*!40101 SET character_set_client = utf8 */;
CREATE TABLE `countries` (
  `code` int(3) NOT NULL,
  `alpha2` varchar(2) NOT NULL,
  `alpha3` varchar(3) NOT NULL,
  `langCS` varchar(45) NOT NULL,
  `langDE` varchar(45) NOT NULL,
  `langEN` varchar(45) NOT NULL,
  `langES` varchar(45) NOT NULL,
  `langFR` varchar(45) NOT NULL,
  `langIT` varchar(45) NOT NULL,
  `langNL` varchar(45) NOT NULL,
  PRIMARY KEY (`code`),
  UNIQUE KEY `alpha2` (`alpha2`),
  UNIQUE KEY `alpha3` (`alpha3`)
) ENGINE=MyISAM DEFAULT CHARSET=utf8;
/*!40101 SET character_set_client = @saved_cs_client */;

--
-- Dumping data for table `countries`
--

LOCK TABLES `countries` WRITE;
/*!40000 ALTER TABLE `countries` DISABLE KEYS */;
INSERT INTO `countries` VALUES (4,'AF','AFG','AfghanistÃ¡n','Afghanistan','Afghanistan','AfganistÃ¡n','Afghanistan','Afghanistan','Afghanistan'),(8,'AL','ALB','AlbÃ¡nie','Albanien','Albania','Albania','Albanie','Albania','AlbaniÃ«'),(10,'AQ','ATA','Antarctica','Antarktis','Antarctica','Antartida','Antarctique','Antartide','Antarctica'),(12,'DZ','DZA','AlÅ¾Ã­rsko','Algerien','Algeria','Argelia','AlgÃ©rie','Algeria','Algerije'),(16,'AS','ASM','AmerickÃ¡ Samoa','Amerikanisch-Samoa','American Samoa','Samoa americana','Samoa AmÃ©ricaines','Samoa Americane','Amerikaans Samoa'),(20,'AD','AND','Andorra','Andorra','Andorra','Andorra','Andorre','Andorra','Andorra'),(24,'AO','AGO','Angola','Angola','Angola','Angola','Angola','Angola','Angola'),(28,'AG','ATG','Antigua a Barbuda','Antigua und Barbuda','Antigua and Barbuda','Antigua y Barbuda','Antigua-et-Barbuda','Antigua e Barbuda','Antigua en Barbuda'),(31,'AZ','AZE','AzerbajdÅ¾Ã¡n','Aserbaidschan','Azerbaijan','AzerbaiyÃ¡n','AzerbaÃ¯djan','Azerbaijan','Azerbeidzjan'),(32,'AR','ARG','Argentina','Argentinien','Argentina','Argentina','Argentine','Argentina','ArgentiniÃ«'),(36,'AU','AUS','AustrÃ¡lie','Australien','Australia','Australia','Australie','Australia','AustraliÃ«'),(40,'AT','AUT','Rakousko','Ã–sterreich','Austria','Austria','Autriche','Austria','Oostenrijk'),(44,'BS','BHS','Bahamy','Bahamas','Bahamas','Bahamas','Bahamas','Bahamas','Bahama\'s'),(48,'BH','BHR','Bahrajn','Bahrain','Bahrain','Bahrain','BahreÃ¯n','Bahrain','Bahrein'),(50,'BD','BGD','BangladÃ©Å¡','Bangladesch','Bangladesh','Bangladesh','Bangladesh','Bangladesh','Bangladesh'),(51,'AM','ARM','ArmÃ©nie','Armenien','Armenia','Armenia','ArmÃ©nie','Armenia','ArmeniÃ«'),(52,'BB','BRB','Barbados','Barbados','Barbados','Barbados','Barbade','Barbados','Barbados'),(56,'BE','BEL','Belgie','Belgien','Belgium','BÃ©lgica','Belgique','Belgio','BelgiÃ«'),(60,'BM','BMU','Bermuda','Bermuda','Bermuda','Bermuda','Bermudes','Bermuda','Bermuda'),(64,'BT','BTN','BhutÃ¡n','Bhutan','Bhutan','Bhutan','Bhoutan','Bhutan','Bhutan'),(68,'BO','BOL','BolÃ­vie','Bolivien','Bolivia','Bolivia','Bolivie','Bolivia','Bolivia'),(70,'BA','BIH','Bosna a Hercegovina','Bosnien und Herzegowina','Bosnia and Herzegovina','Bosnia y Herzegovina','Bosnie-HerzÃ©govine','Bosnia Erzegovina','BosniÃ«-Herzegovina'),(72,'BW','BWA','Botswana','Botswana','Botswana','Botswana','Botswana','Botswana','Botswana'),(74,'BV','BVT','Bouvet Island','Bouvetinsel','Bouvet Island','Isla Bouvet','ÃŽle Bouvet','Isola di Bouvet','Bouvet'),(76,'BR','BRA','BrazÃ­lie','Brasilien','Brazil','Brasil','BrÃ©sil','Brasile','BraziliÃ«'),(84,'BZ','BLZ','Belize','Belize','Belize','Belize','Belize','Belize','Belize'),(86,'IO','IOT','BritskÃ© IndickooceÃ¡nskÃ© teritorium','Britisches Territorium im Indischen Ozean','British Indian Ocean Territory','Territorio OceÃ¡nico de la India BritÃ¡nica','Territoire Britannique de l\'OcÃ©an Indien','Territori Britannici dell\'Oceano Indiano','British Indian Ocean Territory'),(90,'SB','SLB','Å alamounovy ostrovy','Salomonen','Solomon Islands','Islas SalomÃ³n','ÃŽles Salomon','Isole Solomon','Salomonseilanden'),(92,'VG','VGB','BritskÃ© PanenskÃ© ostrovy','Britische Jungferninseln','British Virgin Islands','Islas VÃ­rgenes BritÃ¡nicas','ÃŽles Vierges Britanniques','Isole Vergini Britanniche','Britse Maagdeneilanden'),(96,'BN','BRN','Brunej','Brunei Darussalam','Brunei Darussalam','Brunei Darussalam','BrunÃ©i Darussalam','Brunei Darussalam','Brunei'),(100,'BG','BGR','Bulharsko','Bulgarien','Bulgaria','Bulgaria','Bulgarie','Bulgaria','Bulgarije'),(104,'MM','MMR','Myanmar','Myanmar','Myanmar','Mianmar','Myanmar','Myanmar','Myanmar'),(108,'BI','BDI','Burundi','Burundi','Burundi','Burundi','Burundi','Burundi','Burundi'),(112,'BY','BLR','BÄ›lorusko','Belarus','Belarus','Belarus','BÃ©larus','Bielorussia','Wit-Rusland'),(116,'KH','KHM','KambodÅ¾a','Kambodscha','Cambodia','Camboya','Cambodge','Cambogia','Cambodja'),(120,'CM','CMR','Kamerun','Kamerun','Cameroon','CamerÃºn','Cameroun','Camerun','Kameroen'),(124,'CA','CAN','Kanada','Kanada','Canada','CanadÃ¡','Canada','Canada','Canada'),(132,'CV','CPV','Ostrovy ZelenÃ©ho mysu','Kap Verde','Cape Verde','Cabo Verde','Cap-vert','Capo Verde','KaapverdiÃ«'),(136,'KY','CYM','KajmanskÃ© ostrovy','Kaimaninseln','Cayman Islands','Islas CaimÃ¡n','ÃŽles CaÃ¯manes','Isole Cayman','Caymaneilanden'),(140,'CF','CAF','StÅ™edoafrickÃ¡ republika','Zentralafrikanische Republik','Central African','RepÃºblica Centroafricana','RÃ©publique Centrafricaine','Repubblica Centroafricana','Centraal-Afrikaanse Republiek'),(144,'LK','LKA','SrÃ­ Lanka','Sri Lanka','Sri Lanka','Sri Lanka','Sri Lanka','Sri Lanka','Sri Lanka'),(148,'TD','TCD','ÄŒad','Tschad','Chad','Chad','Tchad','Ciad','Tsjaad'),(152,'CL','CHL','Chile','Chile','Chile','Chile','Chili','Cile','Chili'),(156,'CN','CHN','ÄŒÃ­na','China','China','China','Chine','Cina','China'),(158,'TW','TWN','Tchajwan','Taiwan','Taiwan','TaiwÃ¡n','TaÃ¯wan','Taiwan','Taiwan'),(162,'CX','CXR','Christmas Island','Weihnachtsinsel','Christmas Island','Isla Navidad','ÃŽle Christmas','Isola di Natale','Christmaseiland'),(166,'CC','CCK','KokosovÃ© ostrovy','Kokosinseln','Cocos (Keeling) Islands','Islas Cocos (Keeling)','ÃŽles Cocos (Keeling)','Isole Cocos','Cocoseilanden'),(170,'CO','COL','Kolumbie','Kolumbien','Colombia','Colombia','Colombie','Colombia','Colombia'),(174,'KM','COM','Komory','Komoren','Comoros','Comoros','Comores','Comore','Comoren'),(175,'YT','MYT','Mayotte','Mayotte','Mayotte','Mayote','Mayotte','Mayotte','Mayotte'),(178,'CG','COG','KonÅ¾skÃ¡ republika Kongo','Republik Kongo','Republic of the Congo','Congo','RÃ©publique du Congo','Repubblica del Congo','Republiek Congo'),(180,'CD','COD','DemokratickÃ¡ republika Kongo Kongo','Demokratische Republik Kongo','The Democratic Republic Of The Congo','RepÃºblica DemocrÃ¡tica del Congo','RÃ©publique DÃ©mocratique du Congo','Repubblica Democratica del Congo','Democratische Republiek Congo'),(184,'CK','COK','Cookovy ostrovy','Cookinseln','Cook Islands','Islas Cook','ÃŽles Cook','Isole Cook','Cookeilanden'),(188,'CR','CRI','Kostarika','Costa Rica','Costa Rica','Costa Rica','Costa Rica','Costa Rica','Costa Rica'),(191,'HR','HRV','Chorvatsko','Kroatien','Croatia','Croacia','Croatie','Croazia','KroatiÃ«'),(192,'CU','CUB','Kuba','Kuba','Cuba','Cuba','Cuba','Cuba','Cuba'),(196,'CY','CYP','Kypr','Zypern','Cyprus','Chipre','Chypre','Cipro','Cyprus'),(203,'CZ','CZE','ÄŒesko','Tschechische Republik','Czech Republic','Chequia','RÃ©publique TchÃ¨que','Repubblica Ceca','TsjechiÃ«'),(204,'BJ','BEN','Benin','Benin','Benin','Benin','BÃ©nin','Benin','Benin'),(208,'DK','DNK','DÃ¡nsko','DÃ¤nemark','Denmark','Dinamarca','Danemark','Danimarca','Denemarken'),(212,'DM','DMA','Dominika','Dominica','Dominica','Dominica','Dominique','Dominica','Dominica'),(214,'DO','DOM','DominikÃ¡nskÃ¡ republika','Dominikanische Republik','Dominican Republic','RepÃºblica Dominicana','RÃ©publique Dominicaine','Repubblica Dominicana','Dominicaanse Republiek'),(218,'EC','ECU','EkvÃ¡dor','Ecuador','Ecuador','Ecuador','Ã‰quateur','Ecuador','Ecuador'),(222,'SV','SLV','Salvador','El Salvador','El Salvador','El Salvador','El Salvador','El Salvador','El Salvador'),(226,'GQ','GNQ','RovnÃ­kovÃ¡ Guinea','Ã„quatorialguinea','Equatorial Guinea','Guinea Ecuatorial','GuinÃ©e Ã‰quatoriale','Guinea Equatoriale','Equatoriaal Guinea'),(231,'ET','ETH','Etiopie','Ã„thiopien','Ethiopia','EtiopÃ­a','Ã‰thiopie','Etiopia','EthiopiÃ«'),(232,'ER','ERI','Eritrea','Eritrea','Eritrea','Eritrea','Ã‰rythrÃ©e','Eritrea','Eritrea'),(233,'EE','EST','Estonsko','Estland','Estonia','Estonia','Estonie','Estonia','Estland'),(234,'FO','FRO','FaerskÃ© ostrovy','FÃ¤rÃ¶er','Faroe Islands','Islas Faroe','ÃŽles FÃ©roÃ©','Isole Faroe','FaerÃ¶er'),(238,'FK','FLK','FalklandskÃ© ostrovy','Falklandinseln','Falkland Islands','Islas Malvinas','ÃŽles (malvinas) Falkland','Isole Falkland','Falklandeilanden'),(239,'GS','SGS','JiÅ¾nÃ­ Georgie a JiÅ¾nÃ­ Sandwichovy ostrovy','SÃ¼dgeorgien und die SÃ¼dlichen Sandwichinsel','South Georgia and the South Sandwich Islands','Georgia del Sur e Islas Sandwich del Sur','GÃ©orgie du Sud et les ÃŽles Sandwich du Sud','Sud Georgia e Isole Sandwich','Zuid-GeorgiÃ« en de Zuidelijke Sandwicheiland'),(242,'FJ','FJI','FidÅ¾i','Fidschi','Fiji','Fiji','Fidji','Fiji','Fiji'),(246,'FI','FIN','Finsko','Finnland','Finland','Finlandia','Finlande','Finlandia','Finland'),(248,'AX','ALA','Ã…land Islands','Ã…land-Inseln','Ã…land Islands','IslasÃ…land','ÃŽles Ã…land','Ã…land Islands','Ã…land Islands'),(250,'FR','FRA','Francie','Frankreich','France','Francia','France','Francia','Frankrijk'),(254,'GF','GUF','FrancouzskÃ¡ Guayana','FranzÃ¶sisch-Guayana','French Guiana','Guinea Francesa','Guyane FranÃ§aise','Guyana Francese','Frans-Guyana'),(258,'PF','PYF','FrancouzskÃ¡ PolynÃ©sie','FranzÃ¶sisch-Polynesien','French Polynesia','Polinesia Francesa','PolynÃ©sie FranÃ§aise','Polinesia Francese','Frans-PolynesiÃ«'),(260,'TF','ATF','FrancouzskÃ¡ jiÅ¾nÃ­ teritoria','FranzÃ¶sische SÃ¼d- und Antarktisgebiete','French Southern Territories','Territorios SureÃ±os de Francia','Terres Australes FranÃ§aises','Territori Francesi del Sud','Franse Zuidelijke en Antarctische gebieden'),(262,'DJ','DJI','DÅ¾ibutsko','Dschibuti','Djibouti','Djibouti','Djibouti','Gibuti','Djibouti'),(266,'GA','GAB','Gabon','Gabun','Gabon','GabÃ³n','Gabon','Gabon','Gabon'),(268,'GE','GEO','GruzÃ­nsko','Georgien','Georgia','Georgia','GÃ©orgie','Georgia','GeorgiÃ«'),(270,'GM','GMB','Gambie','Gambia','Gambia','Gambia','Gambie','Gambia','Gambia'),(275,'PS','PSE','PalestinskÃ¡ ÃºzemÃ­','PalÃ¤stinensische Autonomiegebiete','Occupied Palestinian Territory','Palestina','Territoire Palestinien OccupÃ©','Territori Palestinesi Occupati','Palestina'),(276,'DE','DEU','NÄ›mecko','Deutschland','Germany','Alemania','Allemagne','Germania','Duitsland'),(288,'GH','GHA','Ghana','Ghana','Ghana','Ghana','Ghana','Ghana','Ghana'),(292,'GI','GIB','Gibraltar','Gibraltar','Gibraltar','Gibraltar','Gibraltar','Gibilterra','Gibraltar'),(296,'KI','KIR','Kiribati','Kiribati','Kiribati','Kiribati','Kiribati','Kiribati','Kiribati'),(300,'GR','GRC','Å˜ecko','Griechenland','Greece','Grecia','GrÃ¨ce','Grecia','Griekenland'),(304,'GL','GRL','GrÃ³nsko','GrÃ¶nland','Greenland','Groenlandia','Groenland','Groenlandia','Groenland'),(308,'GD','GRD','Grenada','Grenada','Grenada','Granada','Grenade','Grenada','Grenada'),(312,'GP','GLP','Guadeloupe','Guadeloupe','Guadeloupe','Guadalupe','Guadeloupe','Guadalupa','Guadeloupe'),(316,'GU','GUM','Guam','Guam','Guam','Guam','Guam','Guam','Guam'),(320,'GT','GTM','Guatemala','Guatemala','Guatemala','Guatemala','Guatemala','Guatemala','Guatemala'),(324,'GN','GIN','Guinea','Guinea','Guinea','Guinea','GuinÃ©e','Guinea','Guinee'),(328,'GY','GUY','Guyana','Guyana','Guyana','Guayana','Guyana','Guyana','Guyana'),(332,'HT','HTI','Haiti','Haiti','Haiti','HaitÃ­','HaÃ¯ti','Haiti','Haiti'),(334,'HM','HMD','HeardÅ¯v ostrov a McDonaldovy ostrovy','Heard und McDonaldinseln','Heard Island and McDonald Islands','Islas Heard e Islas McDonald','ÃŽles Heard et Mcdonald','Isola Heard e Isole McDonald','Heard- en McDonaldeilanden'),(336,'VA','VAT','VatikÃ¡n','Vatikanstadt','Vatican City State','Estado Vaticano','Saint-SiÃ¨ge (Ã©tat de la CitÃ© du Vatican)','CittÃ  del Vaticano','Vaticaanstad'),(340,'HN','HND','Honduras','Honduras','Honduras','Honduras','Honduras','Honduras','Honduras'),(344,'HK','HKG','Hong Kong','Hongkong','Hong Kong','Hong Kong','Hong-Kong','Hong Kong','Hongkong'),(348,'HU','HUN','MaÄarsko','Ungarn','Hungary','HungrÃ­a','Hongrie','Ungheria','Hongarije'),(352,'IS','ISL','Island','Island','Iceland','Islandia','Islande','Islanda','IJsland'),(356,'IN','IND','Indie','Indien','India','India','Inde','India','India'),(360,'ID','IDN','IndonÃ©sie','Indonesien','Indonesia','Indonesia','IndonÃ©sie','Indonesia','IndonesiÃ«'),(364,'IR','IRN','ÃrÃ¡n','Islamische Republik Iran','Islamic Republic of Iran','IrÃ¡n','RÃ©publique Islamique d\'Iran','Iran','Iran'),(368,'IQ','IRQ','IrÃ¡k','Irak','Iraq','Irak','Iraq','Iraq','Irak'),(372,'IE','IRL','Irsko','Irland','Ireland','Irlanda','Irlande','Eire','Ierland'),(376,'IL','ISR','Izrael','Israel','Israel','Israel','IsraÃ«l','Israele','IsraÃ«l'),(380,'IT','ITA','ItÃ¡lie','Italien','Italy','Italia','Italie','Italia','ItaliÃ«'),(384,'CI','CIV','PobÅ™eÅ¾Ã­ slonoviny','CÃ´te d\'Ivoire','CÃ´te d\'Ivoire','Costa de Marfil','CÃ´te d\'Ivoire','Costa d\'Avorio','Ivoorkust'),(388,'JM','JAM','Jamajka','Jamaika','Jamaica','Jamaica','JamaÃ¯que','Giamaica','Jamaica'),(392,'JP','JPN','Japonsko','Japan','Japan','JapÃ³n','Japon','Giappone','Japan'),(398,'KZ','KAZ','KazachstÃ¡n','Kasachstan','Kazakhstan','KazajstÃ¡n','Kazakhstan','Kazakhistan','Kazachstan'),(400,'JO','JOR','JordÃ¡nsko','Jordanien','Jordan','Jordania','Jordanie','Giordania','JordaniÃ«'),(404,'KE','KEN','KeÅˆa','Kenia','Kenya','Kenia','Kenya','Kenya','Kenia'),(408,'KP','PRK','SevernÃ­ Korea','Demokratische Volksrepublik Korea','Democratic People\'s Republic of Korea','Corea','RÃ©publique Populaire DÃ©mocratique de CorÃ©e','Corea del Nord','Noord-Korea'),(410,'KR','KOR','JiÅ¾nÃ­ Korea','Republik Korea','Republic of Korea','Corea','RÃ©publique de CorÃ©e','Corea del Sud','Zuid-Korea'),(414,'KW','KWT','Kuvajt','Kuwait','Kuwait','Kuwait','KoweÃ¯t','Kuwait','Koeweit'),(417,'KG','KGZ','KyrgyzstÃ¡n','Kirgisistan','Kyrgyzstan','KirgistÃ¡n','Kirghizistan','Kirghizistan','KirgiziÃ«'),(418,'LA','LAO','Laos','Demokratische Volksrepublik Laos','Lao People\'s Democratic Republic','Laos','RÃ©publique DÃ©mocratique Populaire Lao','Laos','Laos'),(422,'LB','LBN','Libanon','Libanon','Lebanon','LÃ­bano','Liban','Libano','Libanon'),(426,'LS','LSO','Lesotho','Lesotho','Lesotho','Lesoto','Lesotho','Lesotho','Lesotho'),(428,'LV','LVA','LotyÅ¡sko','Lettland','Latvia','Letonia','Lettonie','Lettonia','Letland'),(430,'LR','LBR','LibÃ©rie','Liberia','Liberia','Liberia','LibÃ©ria','Liberia','Liberia'),(434,'LY','LBY','Libye','Libysch-Arabische Dschamahirija','Libyan Arab Jamahiriya','Libia','Jamahiriya Arabe Libyenne','Libia','LibiÃ«'),(438,'LI','LIE','LichtenÅ¡tejnsko','Liechtenstein','Liechtenstein','Liechtenstein','Liechtenstein','Liechtenstein','Liechtenstein'),(440,'LT','LTU','Litva','Litauen','Lithuania','Lituania','Lituanie','Lituania','Litouwen'),(442,'LU','LUX','Lucembursko','Luxemburg','Luxembourg','Luxemburgo','Luxembourg','Lussemburgo','Groothertogdom Luxemburg'),(446,'MO','MAC','Macao','Macao','Macao','Macao','Macao','Macao','Macao'),(450,'MG','MDG','Madagaskar','Madagaskar','Madagascar','Madagascar','Madagascar','Madagascar','Madagaskar'),(454,'MW','MWI','Malawi','Malawi','Malawi','Malawi','Malawi','Malawi','Malawi'),(458,'MY','MYS','Malajsie','Malaysia','Malaysia','Malasia','Malaisie','Malesia','MaleisiÃ«'),(462,'MV','MDV','Maledivy','Malediven','Maldives','Maldivas','Maldives','Maldive','Maldiven'),(466,'ML','MLI','Mali','Mali','Mali','Mali','Mali','Mali','Mali'),(470,'MT','MLT','Malta','Malta','Malta','Malta','Malte','Malta','Malta'),(474,'MQ','MTQ','Martinik','Martinique','Martinique','Martinica','Martinique','Martinica','Martinique'),(478,'MR','MRT','MauretÃ¡nie','Mauretanien','Mauritania','Mauritania','Mauritanie','Mauritania','MauritaniÃ«'),(480,'MU','MUS','Mauricius','Mauritius','Mauritius','Mauricio','Maurice','Maurizius','Mauritius'),(484,'MX','MEX','Mexiko','Mexiko','Mexico','MÃ©xico','Mexique','Messico','Mexico'),(492,'MC','MCO','Monako','Monaco','Monaco','MÃ³naco','Monaco','Monaco','Monaco'),(496,'MN','MNG','Mongolsko','Mongolei','Mongolia','Mongolia','Mongolie','Mongolia','MongoliÃ«'),(498,'MD','MDA','Moldavsko','Moldawien','Republic of Moldova','Moldavia','RÃ©publique de Moldova','Moldavia','Republiek MoldaviÃ«'),(500,'MS','MSR','Montserrat','Montserrat','Montserrat','Montserrat','Montserrat','Montserrat','Montserrat'),(504,'MA','MAR','Maroko','Marokko','Morocco','Marruecos','Maroc','Marocco','Marokko'),(508,'MZ','MOZ','Mosambik','Mosambik','Mozambique','Mozambique','Mozambique','Mozambico','Mozambique'),(512,'OM','OMN','OmÃ¡n','Oman','Oman','OmÃ¡n','Oman','Oman','Oman'),(516,'NA','NAM','NamÃ­bie','Namibia','Namibia','Namibia','Namibie','Namibia','NamibiÃ«'),(520,'NR','NRU','Nauru','Nauru','Nauru','Nauru','Nauru','Nauru','Nauru'),(524,'NP','NPL','NepÃ¡l','Nepal','Nepal','Nepal','NÃ©pal','Nepal','Nepal'),(528,'NL','NLD','Nizozemsko','Niederlande','Netherlands','Holanda','Pays-Bas','Paesi Bassi','Nederland'),(530,'AN','ANT','NizozemskÃ© Antily','NiederlÃ¤ndische Antillen','Netherlands Antilles','Antillas Holandesas','Antilles NÃ©erlandaises','Antille Olandesi','Nederlandse Antillen'),(533,'AW','ABW','Aruba','Aruba','Aruba','Aruba','Aruba','Aruba','Aruba'),(540,'NC','NCL','NovÃ¡ Kaledonie','Neukaledonien','New Caledonia','Nueva Caledonia','Nouvelle-CalÃ©donie','Nuova Caledonia','Nieuw-CaledoniÃ«'),(548,'VU','VUT','Vanuatu','Vanuatu','Vanuatu','Vanuatu','Vanuatu','Vanuatu','Vanuatu'),(554,'NZ','NZL','NovÃ½ ZÃ©land','Neuseeland','New Zealand','Nueva Zelanda','Nouvelle-ZÃ©lande','Nuova Zelanda','Nieuw-Zeeland'),(558,'NI','NIC','Nikaragua','Nicaragua','Nicaragua','Nicaragua','Nicaragua','Nicaragua','Nicaragua'),(562,'NE','NER','Niger','Niger','Niger','NÃ­ger','Niger','Niger','Niger'),(566,'NG','NGA','NigÃ©rie','Nigeria','Nigeria','Nigeria','NigÃ©ria','Nigeria','Nigeria'),(570,'NU','NIU','Niue','Niue','Niue','Niue','NiuÃ©','Niue','Niue'),(574,'NF','NFK','Norfolk Island','Norfolkinsel','Norfolk Island','Islas Norfolk','ÃŽle Norfolk','Isola Norfolk','Norfolkeiland'),(578,'NO','NOR','Norsko','Norwegen','Norway','Noruega','NorvÃ¨ge','Norvegia','Noorwegen'),(580,'MP','MNP','SeveromariÃ¡nskÃ© ostrovy','NÃ¶rdliche Marianen','Northern Mariana Islands','Islas de Norte-Mariana','ÃŽles Mariannes du Nord','Isole Marianne Settentrionali','Noordelijke Marianen'),(581,'UM','UMI','United States Minor Outlying Islands','Amerikanisch-Ozeanien','United States Minor Outlying Islands','Islas Ultramarinas de Estados Unidos','ÃŽles Mineures Ã‰loignÃ©es des Ã‰tats-Unis','Isole Minori degli Stati Uniti d\'America','United States Minor Outlying Eilanden'),(583,'FM','FSM','MikronÃ©sie','Mikronesien','Federated States of Micronesia','Micronesia','Ã‰tats FÃ©dÃ©rÃ©s de MicronÃ©sie','Stati Federati della Micronesia','MicronesiÃ«'),(584,'MH','MHL','Marshallovy ostrovy','Marshallinseln','Marshall Islands','Islas Marshall','ÃŽles Marshall','Isole Marshall','Marshalleilanden'),(585,'PW','PLW','Palau','Palau','Palau','Palau','Palaos','Palau','Palau'),(586,'PK','PAK','PakistÃ¡n','Pakistan','Pakistan','PakistÃ¡n','Pakistan','Pakistan','Pakistan'),(591,'PA','PAN','Panama','Panama','Panama','PanamÃ¡','Panama','PanamÃ¡','Panama'),(598,'PG','PNG','Papua NovÃ¡ Guinea','Papua-Neuguinea','Papua New Guinea','PapÃºa Nueva Guinea','Papouasie-Nouvelle-GuinÃ©e','Papua Nuova Guinea','Papoea-Nieuw-Guinea'),(600,'PY','PRY','Paraguay','Paraguay','Paraguay','Paraguay','Paraguay','Paraguay','Paraguay'),(604,'PE','PER','Peru','Peru','Peru','PerÃº','PÃ©rou','PerÃ¹','Peru'),(608,'PH','PHL','FilipÃ­ny','Philippinen','Philippines','Filipinas','Philippines','Filippine','Filippijnen'),(612,'PN','PCN','Pitcairn','Pitcairninseln','Pitcairn','Pitcairn','Pitcairn','Pitcairn','Pitcairneilanden'),(616,'PL','POL','Polsko','Polen','Poland','Polonia','Pologne','Polonia','Polen'),(620,'PT','PRT','Portugalsko','Portugal','Portugal','Portugal','Portugal','Portogallo','Portugal'),(624,'GW','GNB','Guinea-Bissau','Guinea-Bissau','Guinea-Bissau','Guinea-Bissau','GuinÃ©e-Bissau','Guinea-Bissau','Guinee-Bissau'),(626,'TL','TLS','VÃ½chodnÃ­ Timor','Timor-Leste','Timor-Leste','Timor Leste','Timor-Leste','Timor Est','Oost-Timor'),(630,'PR','PRI','Portoriko','Puerto Rico','Puerto Rico','Puerto Rico','Porto Rico','Porto Rico','Puerto Rico'),(634,'QA','QAT','Katar','Katar','Qatar','Qatar','Qatar','Qatar','Qatar'),(638,'RE','REU','Reunion','RÃ©union','RÃ©union','ReuniÃ³n','RÃ©union','Reunion','RÃ©union'),(642,'RO','ROU','Rumunsko','RumÃ¤nien','Romania','RumanÃ­a','Roumanie','Romania','RoemeniÃ«'),(643,'RU','RUS','Rusko','Russische FÃ¶deration','Russian Federation','Rusia','FÃ©dÃ©ration de Russie','Federazione Russa','Rusland'),(646,'RW','RWA','Rwanda','Ruanda','Rwanda','Ruanda','Rwanda','Ruanda','Rwanda'),(654,'SH','SHN','SvatÃ¡ Helena','St. Helena','Saint Helena','Santa Helena','Sainte-HÃ©lÃ¨ne','Sant\'Elena','Sint-Helena'),(659,'KN','KNA','SvatÃ½ Kitts a Nevis','St. Kitts und Nevis','Saint Kitts and Nevis','Santa Kitts y Nevis','Saint-Kitts-et-Nevis','Saint Kitts e Nevis','Saint Kitts en Nevis'),(660,'AI','AIA','Anguilla','Anguilla','Anguilla','Anguilla','Anguilla','Anguilla','Anguilla'),(662,'LC','LCA','SvatÃ¡ Lucie','St. Lucia','Saint Lucia','Santa LucÃ­a','Sainte-Lucie','Santa Lucia','Saint Lucia'),(666,'PM','SPM','SvatÃ½ Pierre a Miquelon','St. Pierre und Miquelon','Saint-Pierre and Miquelon','San Pedro y Miquelon','Saint-Pierre-et-Miquelon','Saint Pierre e Miquelon','Saint-Pierre en Miquelon'),(670,'VC','VCT','SvatÃ½ Vincenc a Grenadiny','St. Vincent und die Grenadinen','Saint Vincent and the Grenadines','San Vincente y Las Granadinas','Saint-Vincent-et-les Grenadines','Saint Vincent e Grenadine','Saint Vincent en de Grenadines'),(674,'SM','SMR','San Marino','San Marino','San Marino','San Marino','Saint-Marin','San Marino','San Marino'),(678,'ST','STP','SvatÃ½ TomÃ¡Å¡ a PrincÅ¯v ostrov','SÃ£o TomÃ© und PrÃ­ncipe','Sao Tome and Principe','Santo TomÃ© y PrÃ­ncipe','Sao TomÃ©-et-Principe','Sao Tome e Principe','Sao TomÃ© en Principe'),(682,'SA','SAU','SaudskÃ¡ ArÃ¡bie','Saudi-Arabien','Saudi Arabia','Arabia SaudÃ­','Arabie Saoudite','Arabia Saudita','Saoedi-ArabiÃ«'),(686,'SN','SEN','Senegal','Senegal','Senegal','Senegal','SÃ©nÃ©gal','Senegal','Senegal'),(690,'SC','SYC','Seychely','Seychellen','Seychelles','Seychelles','Seychelles','Seychelles','Seychellen'),(694,'SL','SLE','Sierra Leone','Sierra Leone','Sierra Leone','Sierra Leona','Sierra Leone','Sierra Leone','Sierra Leone'),(702,'SG','SGP','Singapur','Singapur','Singapore','Singapur','Singapour','Singapore','Singapore'),(703,'SK','SVK','Slovensko','Slowakei','Slovakia','Eslovaquia','Slovaquie','Slovacchia','Slowakije'),(704,'VN','VNM','Vietnam','Vietnam','Vietnam','Vietnam','Viet Nam','Vietnam','Vietnam'),(705,'SI','SVN','Slovinsko','Slowenien','Slovenia','Eslovenia','SlovÃ©nie','Slovenia','SloveniÃ«'),(706,'SO','SOM','SomÃ¡lsko','Somalia','Somalia','Somalia','Somalie','Somalia','SomaliÃ«'),(710,'ZA','ZAF','JiÅ¾nÃ­ Afrika','SÃ¼dafrika','South Africa','SudÃ¡frica','Afrique du Sud','Sud Africa','Zuid-Afrika'),(716,'ZW','ZWE','Zimbabwe','Simbabwe','Zimbabwe','Zimbabue','Zimbabwe','Zimbabwe','Zimbabwe'),(724,'ES','ESP','Å panÄ›lsko','Spanien','Spain','EspaÃ±a','Espagne','Spagna','Spanje'),(732,'EH','ESH','ZÃ¡padnÃ­ Sahara','Westsahara','Western Sahara','SÃ¡hara Occidental','Sahara Occidental','Sahara Occidentale','Westelijke Sahara'),(736,'SD','SDN','SÃºdÃ¡n','Sudan','Sudan','SudÃ¡n','Soudan','Sudan','Sudan'),(738,'SS','SSD','JiÅ¾nÃ­ SÃºdÃ¡n','SÃ¼dsudan','South Sudan','SudÃ¡n del Sur','Soudan du Sud','Sudan del Sud','Zuid-Soedan'),(740,'SR','SUR','Surinam','Suriname','Suriname','SurinÃ¡m','Suriname','Suriname','Suriname'),(744,'SJ','SJM','Å picberky a Jan Mayen','Svalbard and Jan Mayen','Svalbard and Jan Mayen','Esvalbard y Jan Mayen','Svalbard etÃŽle Jan Mayen','Svalbard e Jan Mayen','Svalbard'),(748,'SZ','SWZ','Svazijsko','Swasiland','Swaziland','Suazilandia','Swaziland','Swaziland','Swaziland'),(752,'SE','SWE','Å vÃ©dsko','Schweden','Sweden','Suecia','SuÃ¨de','Svezia','Zweden'),(756,'CH','CHE','Å vÃ½carsko','Schweiz','Switzerland','Suiza','Suisse','Svizzera','Zwitserland'),(760,'SY','SYR','SÃ½rie','Arabische Republik Syrien','Syrian Arab Republic','Siria','RÃ©publique Arabe Syrienne','Siria','SyriÃ«'),(762,'TJ','TJK','TadÅ¾ikistÃ¡n','Tadschikistan','Tajikistan','TajikistÃ¡n','Tadjikistan','Tagikistan','Tadzjikistan'),(764,'TH','THA','Thajsko','Thailand','Thailand','Tailandia','ThaÃ¯lande','Tailandia','Thailand'),(768,'TG','TGO','Togo','Togo','Togo','Togo','Togo','Togo','Togo'),(772,'TK','TKL','Tokelau','Tokelau','Tokelau','Tokelau','Tokelau','Tokelau','Tokelau -eilanden'),(776,'TO','TON','Tonga','Tonga','Tonga','Tongo','Tonga','Tonga','Tonga'),(780,'TT','TTO','Trinidad a Tobago','Trinidad und Tobago','Trinidad and Tobago','Trinidad y Tobago','TrinitÃ©-et-Tobago','Trinidad e Tobago','Trinidad en Tobago'),(784,'AE','ARE','SpojenÃ© ArabskÃ© EmirÃ¡ty','Vereinigte Arabische Emirate','United Arab Emirates','EmiratosÃrabes Unidos','Ã‰mirats Arabes Unis','Emirati Arabi Uniti','Verenigde Arabische Emiraten'),(788,'TN','TUN','Tunisko','Tunesien','Tunisia','TÃºnez','Tunisie','Tunisia','TunesiÃ«'),(792,'TR','TUR','Turecko','TÃ¼rkei','Turkey','TurquÃ­a','Turquie','Turchia','Turkije'),(795,'TM','TKM','TurkmenistÃ¡n','Turkmenistan','Turkmenistan','TurmenistÃ¡n','TurkmÃ©nistan','Turkmenistan','Turkmenistan'),(796,'TC','TCA','Turks a ostrovy Caicos','Turks- und Caicosinseln','Turks and Caicos Islands','Islas Turks y Caicos','ÃŽles Turks et CaÃ¯ques','Isole Turks e Caicos','Turks- en Caicoseilanden'),(798,'TV','TUV','Tuvalu','Tuvalu','Tuvalu','Tuvalu','Tuvalu','Tuvalu','Tuvalu'),(800,'UG','UGA','Uganda','Uganda','Uganda','Uganda','Ouganda','Uganda','Oeganda'),(804,'UA','UKR','Ukrajina','Ukraine','Ukraine','Ucrania','Ukraine','Ucraina','OekraÃ¯ne'),(807,'MK','MKD','Makedonie','Ehem. jugoslawische Republik Mazedonien','The Former Yugoslav Republic of Macedonia','Macedonia','L\'ex-RÃ©publique Yougoslave de MacÃ©doine','Macedonia','MacedoniÃ«'),(818,'EG','EGY','Egypt','Ã„gypten','Egypt','Egipto','Ã‰gypte','Egitto','Egypte'),(826,'GB','GBR','VelkÃ¡ BritÃ¡nie','Vereinigtes KÃ¶nigreich von GroÃŸbritannien u','United Kingdom','Reino Unido','Royaume-Uni','Regno Unito','Verenigd Koninkrijk'),(833,'IM','IMN','Ostrov Man','Insel Man','Isle of Man','Isla de Man','ÃŽle de Man','Isola di Man','Eiland Man'),(834,'TZ','TZA','TanzÃ¡nie','Vereinigte Republik Tansania','United Republic Of Tanzania','Tanzania','RÃ©publique-Unie de Tanzanie','Tanzania','Tanzania'),(840,'US','USA','USA','Vereinigte Staaten von Amerika','United States','Estados Unidos','Ã‰tats-Unis','Stati Uniti d\'America','Verenigde Staten'),(850,'VI','VIR','AmerickÃ© PanenskÃ© ostrovy','Amerikanische Jungferninseln','U.S. Virgin Islands','Islas VÃ­rgenes Estadounidenses','ÃŽles Vierges des Ã‰tats-Unis','Isole Vergini Americane','Amerikaanse Maagdeneilanden'),(854,'BF','BFA','Burkina Faso','Burkina Faso','Burkina Faso','Burkina Faso','Burkina Faso','Burkina Faso','Burkina Faso'),(858,'UY','URY','Uruguay','Uruguay','Uruguay','Uruguay','Uruguay','Uruguay','Uruguay'),(860,'UZ','UZB','UzbekistÃ¡n','Usbekistan','Uzbekistan','UzbekistÃ¡n','OuzbÃ©kistan','Uzbekistan','Oezbekistan'),(862,'VE','VEN','Venezuela','Venezuela','Venezuela','Venezuela','Venezuela','Venezuela','Venezuela'),(876,'WF','WLF','Wallis a Futuna','Wallis und Futuna','Wallis and Futuna','Wallis y Futuna','Wallis et Futuna','Wallis e Futuna','Wallis en Futuna'),(882,'WS','WSM','Samoa','Samoa','Samoa','Samoa','Samoa','Samoa','Samoa'),(887,'YE','YEM','Jemen','Jemen','Yemen','Yemen','YÃ©men','Yemen','Jemen'),(891,'CS','SCG','Serbia and Montenegro','Serbien und Montenegro','Serbia and Montenegro','Serbia y Montenegro','Serbie-et-MontÃ©nÃ©gro','Serbia e Montenegro','ServiÃ« en Montenegro'),(894,'ZM','ZMB','Zambie','Sambia','Zambia','Zambia','Zambie','Zambia','Zambia');
/*!40000 ALTER TABLE `countries` ENABLE KEYS */;
UNLOCK TABLES;

--
-- Table structure for table `curso`
--

DROP TABLE IF EXISTS `curso`;
/*!40101 SET @saved_cs_client     = @@character_set_client */;
/*!40101 SET character_set_client = utf8 */;
CREATE TABLE `curso` (
  `id` int(10) unsigned NOT NULL AUTO_INCREMENT,
  `titulo` varchar(191) COLLATE utf8mb4_unicode_ci NOT NULL,
  `nivel` varchar(191) COLLATE utf8mb4_unicode_ci NOT NULL,
  `membresia` int(10) NOT NULL DEFAULT '1',
  `descripcion` text COLLATE utf8mb4_unicode_ci,
  `video` varchar(191) COLLATE utf8mb4_unicode_ci DEFAULT NULL,
  `imagen` varchar(191) COLLATE utf8mb4_unicode_ci DEFAULT NULL,
  `estado` tinyint(1) NOT NULL DEFAULT '1',
  `usuario_creacion` int(11) NOT NULL,
  `usuario_modificacion` int(11) NOT NULL,
  `created_at` timestamp NULL DEFAULT NULL,
  `updated_at` timestamp NULL DEFAULT NULL,
  `educategoria_id` int(10) unsigned NOT NULL,
  PRIMARY KEY (`id`),
  KEY `curso_educategoria_id_foreign` (`educategoria_id`),
  CONSTRAINT `curso_educategoria_id_foreign` FOREIGN KEY (`educategoria_id`) REFERENCES `educategoria` (`id`)
) ENGINE=InnoDB AUTO_INCREMENT=15 DEFAULT CHARSET=utf8mb4 COLLATE=utf8mb4_unicode_ci;
/*!40101 SET character_set_client = @saved_cs_client */;

--
-- Dumping data for table `curso`
--

LOCK TABLES `curso` WRITE;
/*!40000 ALTER TABLE `curso` DISABLE KEYS */;
INSERT INTO `curso` VALUES (1,'Introducción al Blockchain','basico',1,NULL,'280792040','conf534301.jpg',1,1,1,NULL,'2018-07-19 13:26:29',1),(2,'Introducción al CriptoTrading','Intermedio',2,NULL,'280814220','conf514801.jpg',1,1,1,'2018-06-12 10:32:20','2018-09-01 11:51:15',2),(3,'Introducción a las ICOs','basico',2,NULL,'280813777','conf232681.jpg',1,1,1,'2018-06-16 23:02:56','2018-09-01 11:59:44',4),(4,'Introducción a la Evolución Personal','basico',1,NULL,'280813496','conf5546111.jpg',1,1,1,'2018-06-16 23:03:19','2018-07-19 14:50:28',7),(5,'Introducción a la Minería POW','Intermedio',3,NULL,'280813320','conf442781.jpg',1,1,1,'2018-06-16 23:03:34','2018-09-01 12:03:07',3),(6,'Introducción a la Minería POS y Masternodes','avanzado',3,NULL,'280805095','conf62881.jpg',1,1,1,'2018-06-16 23:03:48','2018-09-01 12:02:56',5),(7,'Introducción a Forex','Intermedio',1,NULL,'280791075','conf462881.jpg',1,1,1,'2018-06-16 23:04:07','2018-07-19 13:25:23',6),(8,'Grabaciones de las clases privadas de ICO','Intermedio',2,NULL,'283032330','conf5352181.png',1,1,1,'2018-08-03 10:25:45','2018-08-09 16:54:05',4),(9,'Grabaciones de las clases privadas de Forex','Intermedio',1,NULL,'284083420','conf1957181.png',1,1,1,'2018-08-09 16:57:19','2018-08-09 16:57:19',6),(10,'Grabaciones de las clases privadas de Blockchain','Intermedio',1,NULL,'284085047','conf4558181.png',1,1,1,'2018-08-09 16:58:45','2018-09-01 12:01:23',1),(11,'Grabaciones de las clases privadas de Minería POW','Intermedio',3,NULL,'284086759','conf50191.png',1,1,1,'2018-08-09 17:00:06','2018-08-09 17:00:06',3),(12,'Grabaciones de las clases privadas de Evolución Personal','Intermedio',1,NULL,'284285152','conf4658151.png',1,1,1,'2018-08-20 13:58:46','2018-08-20 13:58:46',7),(13,'Grabaciones de las clases privadas de CriptoTrading','Intermedio',2,NULL,'285907966','conf579161.png',1,1,1,'2018-08-20 14:09:57','2018-08-20 14:58:44',2),(14,'Propectos al WhastApp en Automático','Intermedio',1,NULL,'287297290','conf304771.jpg',1,1,1,'2018-09-01 05:47:30','2018-09-01 05:47:30',8);
/*!40000 ALTER TABLE `curso` ENABLE KEYS */;
UNLOCK TABLES;

--
-- Table structure for table `detalle_membresia`
--

DROP TABLE IF EXISTS `detalle_membresia`;
/*!40101 SET @saved_cs_client     = @@character_set_client */;
/*!40101 SET character_set_client = utf8 */;
CREATE TABLE `detalle_membresia` (
  `id` int(10) unsigned NOT NULL AUTO_INCREMENT,
  `membresia_id` int(10) unsigned NOT NULL,
  `item` varchar(191) COLLATE utf8mb4_unicode_ci NOT NULL,
  `created_at` timestamp NULL DEFAULT NULL,
  `updated_at` timestamp NULL DEFAULT NULL,
  PRIMARY KEY (`id`),
  KEY `detalle_membresia_membresia_id_foreign` (`membresia_id`),
  CONSTRAINT `detalle_membresia_membresia_id_foreign` FOREIGN KEY (`membresia_id`) REFERENCES `membresia` (`id`)
) ENGINE=InnoDB AUTO_INCREMENT=34 DEFAULT CHARSET=utf8mb4 COLLATE=utf8mb4_unicode_ci;
/*!40101 SET character_set_client = @saved_cs_client */;

--
-- Dumping data for table `detalle_membresia`
--

LOCK TABLES `detalle_membresia` WRITE;
/*!40000 ALTER TABLE `detalle_membresia` DISABLE KEYS */;
INSERT INTO `detalle_membresia` VALUES (1,1,'6 Beneficios','2018-05-13 03:32:54','2018-05-13 03:32:54'),(2,1,'Certificación en Forex en VIVO','2018-05-13 03:32:57','2018-05-13 03:32:57'),(3,1,'Certificación en Blockchain en VIVO','2018-05-13 03:33:09','2018-05-13 03:33:09'),(4,1,'Análisis fundamental del Mercado Criptográfico Semanal en VIVO','2018-05-13 03:33:18','2018-05-13 03:33:18'),(5,1,'Análisis fundamental del Mercado Forex Semanal en VIVO','2018-05-13 03:33:25','2018-05-13 03:33:25'),(6,1,'Certificación en Evolución Personal en VIVO.','2018-05-13 03:34:53','2018-05-13 03:34:53'),(7,2,'9 Beneficios','2018-05-13 03:34:59','2018-05-13 03:34:59'),(8,2,'Certificación en Forex en VIVO','2018-05-13 03:35:03','2018-05-13 03:35:03'),(9,2,'Certificación en Blockchain en VIVO','2018-05-13 03:35:08','2018-05-13 03:35:08'),(10,2,'Certificación en CriptoTrading en VIVO','2018-05-13 03:35:12','2018-05-13 03:35:12'),(11,2,'Certificación en ICOs en VIVO','2018-05-13 03:35:16','2018-05-13 03:35:16'),(12,2,'Análisis fundamental del Mercado Criptográfico Semanal en VIVO','2018-05-13 03:35:20','2018-05-13 03:35:20'),(13,2,'1 Solicitud de Revisión de tu Portafolio Personal en VIVO al mes.','2018-05-13 03:35:25','2018-05-13 03:35:25'),(14,2,'Análisis fundamental del Mercado Forex Semanal en VIVO.','2018-05-13 03:35:30','2018-05-13 03:35:30'),(15,2,'Certificación en Evolución Personal en VIVO','2018-05-13 03:35:34','2018-05-13 03:35:34'),(16,3,'12 Beneficios','2018-05-13 03:36:44','2018-05-13 03:36:44'),(17,3,'Certificación en Forex en VIVO','2018-05-13 03:36:50','2018-05-13 03:36:50'),(18,3,'Certificación en Blockchain en VIVO','2018-05-13 03:36:54','2018-05-13 03:36:54'),(19,3,'Certificación en CriptoTrading en VIVO','2018-05-13 03:36:58','2018-05-13 03:36:58'),(20,3,'Certificación en ICOs en VIVO','2018-05-13 03:37:02','2018-05-13 03:37:02'),(21,3,'Certificación en Minería POS en VIVO','2018-05-13 03:37:07','2018-05-13 03:37:07'),(22,3,'Certificación en Masternodes en VIVO','2018-05-13 03:37:11','2018-05-13 03:37:11'),(23,3,'Certificación en Minería POW en VIVO','2018-05-13 03:37:16','2018-05-13 03:37:16'),(24,3,'\nAnálisis fundamental del Mercado Criptográfico Semanal en VIVO','2018-05-13 03:37:20','2018-05-13 03:37:20'),(25,3,'2 Solicitudes de Revisión de tu Portafolio Personal en VIVO al mes','2018-05-13 03:37:27','2018-05-13 03:37:27'),(26,5,'Compartir las Actualizaciones de un Portafolio Elite','2018-05-13 03:37:32','2018-05-13 03:37:32'),(27,5,'Aplicar a un Crowfunding para tu Start-up','2018-05-13 03:37:36','2018-05-13 03:37:36'),(28,5,'Cripto-Tarjeta','2018-05-13 03:37:40','2018-05-13 03:37:40'),(29,5,'10% de ComisiÃ³n de tu 1era LÃ­nea de Referidos','2018-05-13 03:37:45','2018-05-13 03:37:45'),(30,5,'10% de ComisiÃ³n de tu 2da LÃ­nea de Referidos','2018-05-13 03:37:49','2018-05-13 03:37:49'),(31,5,'5% de ComisiÃ³n de tu 3era LÃ­nea de Referidos','2018-05-13 03:37:53','2018-05-13 03:37:53'),(32,3,'Análisis fundamental del Mercado Forex Semanal en VIVO',NULL,NULL),(33,3,'Certificación en Evolución Personal en VIVO',NULL,NULL);
/*!40000 ALTER TABLE `detalle_membresia` ENABLE KEYS */;
UNLOCK TABLES;

--
-- Table structure for table `educategoria`
--

DROP TABLE IF EXISTS `educategoria`;
/*!40101 SET @saved_cs_client     = @@character_set_client */;
/*!40101 SET character_set_client = utf8 */;
CREATE TABLE `educategoria` (
  `id` int(10) unsigned NOT NULL AUTO_INCREMENT,
  `nombre` varchar(191) COLLATE utf8mb4_unicode_ci NOT NULL,
  `descripcion` varchar(191) COLLATE utf8mb4_unicode_ci DEFAULT NULL,
  `estado` tinyint(1) NOT NULL,
  `usuario_creacion` int(11) NOT NULL,
  `usuario_modificacion` int(11) NOT NULL,
  `created_at` timestamp NULL DEFAULT NULL,
  `updated_at` timestamp NULL DEFAULT NULL,
  PRIMARY KEY (`id`)
) ENGINE=InnoDB AUTO_INCREMENT=9 DEFAULT CHARSET=utf8mb4 COLLATE=utf8mb4_unicode_ci;
/*!40101 SET character_set_client = @saved_cs_client */;

--
-- Dumping data for table `educategoria`
--

LOCK TABLES `educategoria` WRITE;
/*!40000 ALTER TABLE `educategoria` DISABLE KEYS */;
INSERT INTO `educategoria` VALUES (1,'Blockchain','Aquí estarán los videos de introducción de las clases en vivo de Blockchain',1,1,1,NULL,'2018-06-05 17:50:57'),(2,'CriptoTrading',NULL,1,1,1,'2018-06-12 10:31:27','2018-06-16 22:56:04'),(3,'Minería POW',NULL,1,1,1,'2018-06-12 10:31:39','2018-07-19 09:41:50'),(4,'ICOs',NULL,1,1,1,'2018-06-16 22:53:20','2018-06-16 22:53:20'),(5,'Minería POS y Masternodes',NULL,1,1,1,'2018-06-16 22:53:40','2018-07-19 09:42:02'),(6,'Forex',NULL,1,1,1,'2018-06-16 22:54:03','2018-06-16 22:54:03'),(7,'Evolución Personal',NULL,1,1,1,'2018-07-19 09:42:31','2018-07-19 09:42:31'),(8,'SIP - Online',NULL,1,1,1,'2018-09-01 05:44:27','2018-09-01 05:44:27');
/*!40000 ALTER TABLE `educategoria` ENABLE KEYS */;
UNLOCK TABLES;

--
-- Table structure for table `forex`
--

DROP TABLE IF EXISTS `forex`;
/*!40101 SET @saved_cs_client     = @@character_set_client */;
/*!40101 SET character_set_client = utf8 */;
CREATE TABLE `forex` (
  `id` int(10) unsigned NOT NULL AUTO_INCREMENT,
  `pair` varchar(255) COLLATE utf8mb4_unicode_ci NOT NULL,
  `order_type` varchar(191) COLLATE utf8mb4_unicode_ci NOT NULL DEFAULT 'sell',
  `market_execution` varchar(50) COLLATE utf8mb4_unicode_ci NOT NULL DEFAULT '0',
  `sell_limit` varchar(50) COLLATE utf8mb4_unicode_ci NOT NULL DEFAULT '0',
  `stop_loss` varchar(50) COLLATE utf8mb4_unicode_ci NOT NULL DEFAULT '0',
  `take_prof1` varchar(50) COLLATE utf8mb4_unicode_ci NOT NULL DEFAULT '0',
  `take_prof2` varchar(50) COLLATE utf8mb4_unicode_ci NOT NULL DEFAULT '0',
  `take_prof3` varchar(50) COLLATE utf8mb4_unicode_ci NOT NULL DEFAULT '0',
  `created_at` timestamp NULL DEFAULT NULL,
  `updated_at` timestamp NULL DEFAULT NULL,
  PRIMARY KEY (`id`)
) ENGINE=InnoDB AUTO_INCREMENT=8 DEFAULT CHARSET=utf8mb4 COLLATE=utf8mb4_unicode_ci;
/*!40101 SET character_set_client = @saved_cs_client */;

--
-- Dumping data for table `forex`
--

LOCK TABLES `forex` WRITE;
/*!40000 ALTER TABLE `forex` DISABLE KEYS */;
/*!40000 ALTER TABLE `forex` ENABLE KEYS */;
UNLOCK TABLES;

--
-- Table structure for table `grupo`
--

DROP TABLE IF EXISTS `grupo`;
/*!40101 SET @saved_cs_client     = @@character_set_client */;
/*!40101 SET character_set_client = utf8 */;
CREATE TABLE `grupo` (
  `id` int(11) NOT NULL AUTO_INCREMENT,
  `nombre` varchar(255) NOT NULL,
  `ids_menu` varchar(255) NOT NULL,
  PRIMARY KEY (`id`)
) ENGINE=InnoDB AUTO_INCREMENT=5 DEFAULT CHARSET=utf8;
/*!40101 SET character_set_client = @saved_cs_client */;

--
-- Dumping data for table `grupo`
--

LOCK TABLES `grupo` WRITE;
/*!40000 ALTER TABLE `grupo` DISABLE KEYS */;
INSERT INTO `grupo` VALUES (1,'Administrador','1,44,41,45,46,16,18,19,20,48,49,50,51,61,53,54,55,42,43,26,27,28,29,30,31,32,33,34,35,36,37,38,39,40,13,2,3,5,6,7,12,65'),(2,'Alumno','1,42,43,26,27,29,30,31,32,33,34,35,36,38,39'),(3,'Influencer','1,42,43,26,27,29,30,31,32,33,34,35,36,38,39,65'),(4,'Inactivo','1,44,42,43,38,39');
/*!40000 ALTER TABLE `grupo` ENABLE KEYS */;
UNLOCK TABLES;

--
-- Table structure for table `leccion`
--

DROP TABLE IF EXISTS `leccion`;
/*!40101 SET @saved_cs_client     = @@character_set_client */;
/*!40101 SET character_set_client = utf8 */;
CREATE TABLE `leccion` (
  `id` int(10) unsigned NOT NULL AUTO_INCREMENT,
  `titulo` varchar(191) COLLATE utf8mb4_unicode_ci NOT NULL,
  `descripcion` text COLLATE utf8mb4_unicode_ci,
  `video` varchar(191) COLLATE utf8mb4_unicode_ci NOT NULL,
  `duracion` varchar(191) COLLATE utf8mb4_unicode_ci DEFAULT NULL,
  `visto` tinyint(1) NOT NULL DEFAULT '0',
  `estado` tinyint(1) NOT NULL DEFAULT '1',
  `usuario_creacion` int(11) NOT NULL,
  `usuario_modificacion` int(11) NOT NULL,
  `created_at` timestamp NULL DEFAULT NULL,
  `updated_at` timestamp NULL DEFAULT NULL,
  `curso_id` int(10) unsigned NOT NULL,
  PRIMARY KEY (`id`),
  KEY `leccion_curso_id_foreign` (`curso_id`),
  CONSTRAINT `leccion_curso_id_foreign` FOREIGN KEY (`curso_id`) REFERENCES `curso` (`id`)
) ENGINE=InnoDB AUTO_INCREMENT=74 DEFAULT CHARSET=utf8mb4 COLLATE=utf8mb4_unicode_ci;
/*!40101 SET character_set_client = @saved_cs_client */;

--
-- Dumping data for table `leccion`
--

LOCK TABLES `leccion` WRITE;
/*!40000 ALTER TABLE `leccion` DISABLE KEYS */;
INSERT INTO `leccion` VALUES (14,'1. Presentación',NULL,'277878213','10:37 minutos',0,1,1,1,'2018-06-30 18:27:47','2018-07-19 16:38:34',1),(15,'2. Las criptomonedas',NULL,'277880659','7:37 minutos',0,1,1,1,'2018-06-30 18:28:11','2018-07-19 16:39:10',1),(16,'3. Ethereum',NULL,'277872198','5:17 minutos',0,1,1,1,'2018-06-30 18:28:33','2018-07-19 16:39:44',1),(17,'4. ICOs y DAICOs',NULL,'277872200','2:18 minutos',0,1,1,1,'2018-06-30 18:28:53','2018-07-19 16:40:18',1),(18,'5. Hyperledger',NULL,'277872203','2:30 minutos',0,1,1,1,'2018-06-30 18:28:53','2018-07-19 16:42:51',1),(20,'1. Presentación',NULL,'269389341','2:02 minutos',0,1,1,1,'2018-07-01 08:51:46','2018-07-19 16:32:39',2),(22,'2. El trading',NULL,'269389887','8:18 minutos',0,1,1,1,'2018-07-01 08:52:49','2018-07-19 16:33:39',2),(24,'3. Mercados bursátiles y financieros',NULL,'269391928','6:54 minutos',0,1,1,1,'2018-07-01 08:55:30','2018-07-19 16:35:13',2),(26,'4. Exchanges y billeteras','Descripción de la lección','269392919','7:14 minutos',0,1,1,1,'2018-07-01 08:56:44','2018-07-19 16:36:06',2),(27,'5. Plataformas y órdenes','Descripción de la lección','269395106','2:25 minutos',0,1,1,1,'2018-07-01 08:58:41','2018-07-19 16:36:52',2),(28,'1. Presentación','Descripción de la lección','268335324','7:48 minutos',0,1,1,1,'2018-07-01 09:56:37','2018-07-19 15:30:53',5),(29,'2. Herramientas de minado','Descripción de la lección','268333819','4:48 minutos',0,1,1,1,'2018-07-01 09:58:09','2018-07-19 15:38:03',5),(30,'3. Hardware y armado de rig','Descripción de la lección','268333497','3:08 minutos',0,1,1,1,'2018-07-01 09:59:21','2018-07-19 15:38:52',5),(31,'4. Instalación de windows, simplemining y over clock',NULL,'268334666','3:30 minutos',0,1,1,1,'2018-07-01 10:00:58','2018-07-19 15:40:24',5),(32,'5. Pooles de minería',NULL,'268337467','1:13 minutos',0,1,1,1,'2018-07-01 10:02:01','2018-07-19 15:41:34',5),(33,'6. Configuración Asic',NULL,'268333312','1:41 minutos',0,1,1,1,'2018-07-01 10:02:59','2018-07-19 15:43:49',5),(34,'7. Minería de 5 criptomonedas','Descripción de la lección','268336829','1:41 minutos',0,1,1,1,'2018-07-01 10:03:56','2018-07-19 15:46:57',5),(35,'6. Multi-Change',NULL,'277872204','1:34 minutos',0,1,1,1,'2018-07-04 05:16:36','2018-07-19 16:44:01',1),(36,'7. Red Lyra',NULL,'277872205','2:30 minutos',0,1,1,1,'2018-07-04 05:17:20','2018-07-19 16:45:06',1),(37,'8. El futuro','Descripción de la lección','277872206','3:21 minutos',0,1,1,1,'2018-07-04 05:18:01','2018-07-19 16:45:39',1),(38,'1. ¿Como crear una cuenta en el broker?','Revisar Link :&nbsp; https://www.tradeviewespanol.com/crear-cuenta-cuatro-pasos.php','282533509','06:58 minutos',0,1,1,1,'2018-07-04 05:19:17','2018-07-31 10:44:03',7),(39,'1. Presentación',NULL,'268330899','3:05 minutos',0,1,1,1,'2018-07-19 15:12:02','2018-07-19 15:15:05',6),(40,'2. ROI y Mastenodes',NULL,'268332583','1:07 minutos',0,1,1,1,'2018-07-19 15:15:57','2018-07-19 15:15:57',6),(41,'3. VPS y sus configuraciones',NULL,'268332935','2:43 minutos',0,1,1,1,'2018-07-19 15:17:35','2018-07-19 15:17:35',6),(42,'4. Recuperación de billeteras',NULL,'268332472','1:10 minutos',0,1,1,1,'2018-07-19 15:18:31','2018-07-19 15:18:31',6),(43,'5. Configuraciones Cold Wallet',NULL,'268329628','1:18 minutos',0,1,1,1,'2018-07-19 15:24:56','2018-07-19 15:24:56',6),(44,'6. Linux y billetera Hot',NULL,'268330399','1:14 minutos',0,1,1,1,'2018-07-19 15:25:41','2018-07-19 15:25:41',6),(45,'7. Recomendaciones finales','<p><br></p>','268331528','1:05 minutos',0,1,1,1,'2018-07-19 15:26:37','2018-07-19 15:27:41',6),(47,'2. ¿Qué es el mercado de Forex?','Descripción de la lección','278045854','32:39 minutos',0,1,1,1,'2018-07-31 10:38:17','2018-07-31 10:38:17',7),(48,'1era clase - Tema - (06/08/18)','Descripción de la lección','284083420','1:13:18',0,1,1,1,'2018-08-20 07:19:37','2018-08-20 07:19:37',9),(49,'2da clase - Tema - (13/08/18)',NULL,'285036155','1:10:33',0,1,1,1,'2018-08-20 11:01:48','2018-08-20 11:01:48',9),(50,'1era clase - Tema - (02/08/18)','Descripción de la lección','283032330','1:14:50',0,1,1,1,'2018-08-20 11:07:09','2018-08-20 14:10:42',8),(51,'1era clase - Tema - (07/08/18)','Descripción de la lección','284085047','59:57',0,1,1,1,'2018-08-20 13:47:09','2018-08-20 13:47:09',10),(52,'2da clase - Tema - (14/08/18)','Descripción de la lección','285062352','1:16:15',0,1,1,1,'2018-08-20 13:48:06','2018-08-20 13:48:06',10),(53,'1era clase - Tema - (08/08/18)','Descripción de la lección','284086759','52:11',0,1,1,1,'2018-08-20 13:49:45','2018-08-20 13:49:45',11),(54,'1era clase - Tema - (09/08/18)','Descripción de la lección','284285152','58:10',0,1,1,1,'2018-08-20 14:27:10','2018-08-20 14:27:10',12),(55,'2da clase - Tema - (15/08/18)','Descripción de la lección','285906421','1:00:58',0,1,1,1,'2018-08-20 14:32:17','2018-08-20 14:32:17',11),(56,'1era clase - Tema - (03/08/18)','Descripción de la lección','285907966','2:03:49',0,1,1,1,'2018-08-20 14:58:29','2018-08-20 14:58:29',13),(57,'2da clase - Tema - (10/08/18)','Descripción de la lección','285908986','1:17:48',0,1,1,1,'2018-08-20 15:01:24','2018-08-20 15:01:24',13),(58,'3era clase - Tema - (17/08/18)','Descripción de la lección','285914014','1:09:55',0,1,1,1,'2018-08-20 15:38:25','2018-08-20 15:38:25',13),(59,'2da clase - Tema - (16/08/18)','Descripción de la lección','285914231','1:00:23',0,1,1,1,'2018-08-20 15:39:03','2018-08-20 15:39:03',12),(60,'3era clase - Como tomar decisiones con herramientas de Fibonacci - (20/08/18)','Descripción de la lección','285946052','1:08:31',0,1,1,1,'2018-08-20 21:17:03','2018-08-20 21:17:03',9),(61,'3ra clase -¿Qué es el Blockchain empresarial? - (28/08/18)','Descripción de la lección','287190224','1:12:3',0,1,1,1,'2018-08-28 22:03:01','2018-08-28 22:03:01',10),(62,'Paso 1 - Crear una fanpage','Descripción de la lección','287297290','2:56 minutos',0,1,1,1,'2018-09-01 05:48:30','2018-09-01 05:48:30',14),(63,'Paso 2 - Crear Instagram de empresa y vincularla a la fanpage','Descripción de la lección','287373667','3:41 minutos',0,1,1,1,'2018-09-01 05:49:48','2018-09-01 05:49:48',14),(64,'Paso 3 - Empezar a darle vida a tu Instagram y Fanpage','Descripción de la lección','287739777','9:08 minutos',0,1,1,1,'2018-09-01 05:51:47','2018-09-01 05:51:47',14),(65,'Paso 4 - Crear tu enlace directo a WhatsApp y acortarlo con Bitly','https://wa.me/9999999999?text=Me%20gustaría%20saber%20más%20sobre%20Creexiendo','287738055','4:41 minutos',0,1,1,1,'2018-09-01 05:54:12','2018-09-01 05:54:12',14),(66,'Paso 5 - Instalar y configurar el Autoresponder WhatsApp',NULL,'287729896','7:13 minutos',0,1,1,1,'2018-09-01 05:55:17','2018-09-01 05:55:17',14),(67,'Paso 6 - Hacer el anuncio pagado para Facebook e Instagram',NULL,'287772837','15:30 minutos',0,1,1,1,'2018-09-01 05:56:55','2018-09-01 05:56:55',14),(68,'Paso 7 - Dar seguimiento a los prospectos que llegaron al WhatsApp',NULL,'287748067','9:15 minutos',0,1,1,1,'2018-09-01 05:58:00','2018-09-01 05:58:00',14),(69,'4ta clase - Operaciones en tiempo real, uso de metatrader y las herramientas aprendidas - (27/08/18)','Descripción de la lección','288247179','46:13',0,1,1,1,'2018-09-04 14:51:21','2018-09-04 14:51:21',9),(70,'1era sesión de P&R sobre \"Tráfico y Conversiones\" - (04:09:18)','Descripción de la lección','288387202','1:12:29',0,1,1,1,'2018-09-05 09:42:32','2018-09-05 09:48:51',14),(71,'5ta clase - Ejecuciones con el metatrader - (03/09/18)','Descripción de la lección','288266904','46:53',0,1,1,1,'2018-09-05 09:44:51','2018-09-05 09:44:51',9),(72,'3era clase - Componentes y sistemas operativos de minería - (22/08/18)','Descripción de la lección','288183909','57:57',0,1,1,1,'2018-09-05 09:47:36','2018-09-05 09:47:36',11),(73,'4ta clase - Sistemas operativos y configuraciones - (29/08/18)','Descripción de la lección','288397693','52:14',0,1,1,1,'2018-09-05 12:26:04','2018-09-05 12:26:04',11);
/*!40000 ALTER TABLE `leccion` ENABLE KEYS */;
UNLOCK TABLES;

--
-- Table structure for table `leccion_usuario`
--

DROP TABLE IF EXISTS `leccion_usuario`;
/*!40101 SET @saved_cs_client     = @@character_set_client */;
/*!40101 SET character_set_client = utf8 */;
CREATE TABLE `leccion_usuario` (
  `id` int(10) unsigned NOT NULL AUTO_INCREMENT,
  `visto` tinyint(1) NOT NULL DEFAULT '0',
  `usuario` int(11) NOT NULL,
  `estado` tinyint(1) NOT NULL DEFAULT '1',
  `usuario_creacion` int(11) NOT NULL,
  `usuario_modificacion` int(11) NOT NULL,
  `created_at` timestamp NULL DEFAULT NULL,
  `updated_at` timestamp NULL DEFAULT NULL,
  `leccion_id` int(10) unsigned NOT NULL,
  PRIMARY KEY (`id`),
  KEY `leccion_usuario_leccion_id_foreign` (`leccion_id`),
  CONSTRAINT `leccion_usuario_leccion_id_foreign` FOREIGN KEY (`leccion_id`) REFERENCES `leccion` (`id`)
) ENGINE=InnoDB AUTO_INCREMENT=1116 DEFAULT CHARSET=utf8mb4 COLLATE=utf8mb4_unicode_ci;
/*!40101 SET character_set_client = @saved_cs_client */;

--
-- Dumping data for table `leccion_usuario`
--

LOCK TABLES `leccion_usuario` WRITE;
/*!40000 ALTER TABLE `leccion_usuario` DISABLE KEYS */;
INSERT INTO `leccion_usuario` VALUES (1,1,45,1,45,45,'2018-08-05 15:09:25','2018-08-05 15:09:25',47),(2,1,35,1,35,35,'2018-08-05 15:28:25','2018-08-05 15:28:25',39),(3,1,35,1,35,35,'2018-08-05 15:29:57','2018-08-05 15:29:57',40),(4,1,35,1,35,35,'2018-08-05 15:31:29','2018-08-05 15:31:29',41),(5,1,45,1,45,45,'2018-08-05 16:25:21','2018-08-05 16:25:21',47),(6,1,40,1,40,40,'2018-08-07 18:15:41','2018-08-07 18:15:41',38),(7,1,40,1,40,40,'2018-08-07 18:15:48','2018-08-07 18:15:48',14),(8,1,40,1,40,40,'2018-08-07 18:23:20','2018-08-07 18:23:20',47),(9,1,40,1,40,40,'2018-08-07 18:23:20','2018-08-07 18:23:20',47),(10,1,40,1,40,40,'2018-08-07 18:23:23','2018-08-07 18:23:23',38),(11,1,46,1,46,46,'2018-08-07 21:01:42','2018-08-07 21:01:42',39),(12,1,46,1,46,46,'2018-08-07 21:05:52','2018-08-07 21:05:52',40),(13,1,46,1,46,46,'2018-08-07 21:07:32','2018-08-07 21:07:32',41),(14,1,46,1,46,46,'2018-08-07 21:08:41','2018-08-07 21:08:41',42),(15,1,46,1,46,46,'2018-08-07 21:08:47','2018-08-07 21:08:47',41),(16,1,46,1,46,46,'2018-08-07 21:17:55','2018-08-07 21:17:55',42),(17,1,46,1,46,46,'2018-08-07 21:19:18','2018-08-07 21:19:18',43),(18,1,46,1,46,46,'2018-08-07 21:24:06','2018-08-07 21:24:06',43),(19,1,46,1,46,46,'2018-08-07 21:26:31','2018-08-07 21:26:31',44),(20,1,46,1,46,46,'2018-08-07 21:27:54','2018-08-07 21:27:54',45),(21,1,46,1,46,46,'2018-08-07 21:29:38','2018-08-07 21:29:38',28),(22,1,46,1,46,46,'2018-08-07 21:37:37','2018-08-07 21:37:37',29),(23,1,46,1,46,46,'2018-08-07 21:42:36','2018-08-07 21:42:36',30),(24,1,46,1,46,46,'2018-08-07 21:45:59','2018-08-07 21:45:59',31),(25,1,46,1,46,46,'2018-08-07 21:49:37','2018-08-07 21:49:37',32),(26,1,46,1,46,46,'2018-08-07 21:50:56','2018-08-07 21:50:56',33),(27,1,46,1,46,46,'2018-08-07 21:52:40','2018-08-07 21:52:40',34),(28,1,46,1,46,46,'2018-08-07 21:55:31','2018-08-07 21:55:31',20),(29,1,46,1,46,46,'2018-08-07 21:57:39','2018-08-07 21:57:39',22),(30,1,46,1,46,46,'2018-08-07 22:06:14','2018-08-07 22:06:14',24),(31,1,46,1,46,46,'2018-08-07 22:13:09','2018-08-07 22:13:09',26),(32,1,46,1,46,46,'2018-08-07 22:19:46','2018-08-07 22:19:46',27),(33,1,46,1,46,46,'2018-08-07 22:22:05','2018-08-07 22:22:05',14),(34,1,1,1,1,1,'2018-08-08 15:05:35','2018-08-08 15:05:35',47),(35,1,1,1,1,1,'2018-08-08 15:06:33','2018-08-08 15:06:33',32),(36,1,1,1,1,1,'2018-08-08 17:37:54','2018-08-08 17:37:54',47),(37,1,30,1,30,30,'2018-08-08 18:39:45','2018-08-08 18:39:45',38),(38,1,30,1,30,30,'2018-08-08 18:49:28','2018-08-08 18:49:28',47),(39,1,1,1,1,1,'2018-08-08 19:45:03','2018-08-08 19:45:03',47),(40,1,1,1,1,1,'2018-08-08 21:44:10','2018-08-08 21:44:10',47),(41,1,24,1,24,24,'2018-08-09 09:28:22','2018-08-09 09:28:22',47),(42,1,42,1,42,42,'2018-08-09 14:05:03','2018-08-09 14:05:03',39),(43,1,42,1,42,42,'2018-08-09 14:14:04','2018-08-09 14:14:04',40),(44,1,42,1,42,42,'2018-08-09 14:16:19','2018-08-09 14:16:19',41),(45,1,42,1,42,42,'2018-08-09 14:22:15','2018-08-09 14:22:15',42),(46,1,42,1,42,42,'2018-08-09 14:23:36','2018-08-09 14:23:36',43),(47,1,42,1,42,42,'2018-08-09 14:25:04','2018-08-09 14:25:04',44),(48,1,42,1,42,42,'2018-08-09 14:25:13','2018-08-09 14:25:13',44),(49,1,42,1,42,42,'2018-08-09 14:26:37','2018-08-09 14:26:37',45),(50,1,42,1,42,42,'2018-08-09 14:26:50','2018-08-09 14:26:50',45),(51,1,42,1,42,42,'2018-08-09 14:29:21','2018-08-09 14:29:21',28),(52,1,42,1,42,42,'2018-08-09 14:32:01','2018-08-09 14:32:01',28),(53,1,42,1,42,42,'2018-08-10 05:23:28','2018-08-10 05:23:28',39),(54,1,1,1,1,1,'2018-08-11 12:48:24','2018-08-11 12:48:24',47),(55,1,1,1,1,1,'2018-08-11 13:33:59','2018-08-11 13:33:59',47),(56,1,21,1,21,21,'2018-08-11 14:29:01','2018-08-11 14:29:01',38),(57,1,1,1,1,1,'2018-08-11 18:38:27','2018-08-11 18:38:27',47),(58,1,1,1,1,1,'2018-08-12 05:57:11','2018-08-12 05:57:11',47),(59,1,9,1,9,9,'2018-08-13 07:45:44','2018-08-13 07:45:44',38),(60,1,9,1,9,9,'2018-08-13 07:45:52','2018-08-13 07:45:52',47),(61,1,10,1,10,10,'2018-08-13 09:34:44','2018-08-13 09:34:44',14),(62,1,10,1,10,10,'2018-08-13 09:34:47','2018-08-13 09:34:47',14),(63,1,10,1,10,10,'2018-08-13 09:47:32','2018-08-13 09:47:32',15),(64,1,10,1,10,10,'2018-08-13 09:55:27','2018-08-13 09:55:27',16),(65,1,10,1,10,10,'2018-08-13 10:13:59','2018-08-13 10:13:59',17),(66,1,42,1,42,42,'2018-08-13 10:15:26','2018-08-13 10:15:26',20),(67,1,10,1,10,10,'2018-08-13 10:16:27','2018-08-13 10:16:27',18),(68,1,42,1,42,42,'2018-08-13 10:18:02','2018-08-13 10:18:02',22),(69,1,42,1,42,42,'2018-08-13 10:19:14','2018-08-13 10:19:14',24),(70,1,1,1,1,1,'2018-08-13 21:28:32','2018-08-13 21:28:32',47),(71,1,1,1,1,1,'2018-08-14 09:47:25','2018-08-14 09:47:25',47),(72,1,1,1,1,1,'2018-08-14 12:25:20','2018-08-14 12:25:20',47),(73,1,6,1,6,6,'2018-08-14 13:45:05','2018-08-14 13:45:05',14),(74,1,6,1,6,6,'2018-08-14 13:45:07','2018-08-14 13:45:07',14),(75,1,6,1,6,6,'2018-08-14 13:45:08','2018-08-14 13:45:08',14),(76,1,6,1,6,6,'2018-08-14 13:45:09','2018-08-14 13:45:09',14),(77,1,6,1,6,6,'2018-08-14 13:45:10','2018-08-14 13:45:10',14),(78,1,6,1,6,6,'2018-08-14 13:45:10','2018-08-14 13:45:10',14),(79,1,6,1,6,6,'2018-08-14 13:45:11','2018-08-14 13:45:11',14),(80,1,6,1,6,6,'2018-08-14 13:45:11','2018-08-14 13:45:11',14),(81,1,6,1,6,6,'2018-08-14 13:45:11','2018-08-14 13:45:11',14),(82,1,6,1,6,6,'2018-08-14 13:45:41','2018-08-14 13:45:41',14),(83,1,6,1,6,6,'2018-08-14 13:45:41','2018-08-14 13:45:41',15),(84,1,6,1,6,6,'2018-08-14 13:45:45','2018-08-14 13:45:45',14),(85,1,6,1,6,6,'2018-08-14 13:51:35','2018-08-14 13:51:35',15),(86,1,6,1,6,6,'2018-08-14 13:51:45','2018-08-14 13:51:45',14),(87,1,6,1,6,6,'2018-08-14 14:01:36','2018-08-14 14:01:36',15),(88,1,6,1,6,6,'2018-08-14 14:09:28','2018-08-14 14:09:28',16),(89,1,6,1,6,6,'2018-08-14 14:14:56','2018-08-14 14:14:56',17),(90,1,6,1,6,6,'2018-08-14 14:17:29','2018-08-14 14:17:29',18),(91,1,6,1,6,6,'2018-08-14 14:20:15','2018-08-14 14:20:15',35),(92,1,6,1,6,6,'2018-08-14 14:22:03','2018-08-14 14:22:03',36),(93,1,6,1,6,6,'2018-08-14 14:24:45','2018-08-14 14:24:45',37),(94,1,1,1,1,1,'2018-08-14 17:13:04','2018-08-14 17:13:04',47),(95,1,1,1,1,1,'2018-08-14 19:20:36','2018-08-14 19:20:36',47),(96,1,1,1,1,1,'2018-08-15 09:20:12','2018-08-15 09:20:12',47),(97,1,1,1,1,1,'2018-08-15 13:16:35','2018-08-15 13:16:35',47),(98,1,75,1,75,75,'2018-08-15 19:37:24','2018-08-15 19:37:24',14),(99,1,1,1,1,1,'2018-08-15 19:58:27','2018-08-15 19:58:27',47),(100,1,75,1,75,75,'2018-08-15 21:03:10','2018-08-15 21:03:10',14),(101,1,75,1,75,75,'2018-08-15 21:14:55','2018-08-15 21:14:55',15),(102,1,75,1,75,75,'2018-08-15 21:26:20','2018-08-15 21:26:20',16),(103,1,75,1,75,75,'2018-08-15 21:31:59','2018-08-15 21:31:59',17),(104,1,75,1,75,75,'2018-08-15 21:34:55','2018-08-15 21:34:55',18),(105,1,75,1,75,75,'2018-08-15 21:38:09','2018-08-15 21:38:09',35),(106,1,75,1,75,75,'2018-08-15 21:40:29','2018-08-15 21:40:29',36),(107,1,1,1,1,1,'2018-08-15 21:43:17','2018-08-15 21:43:17',47),(108,1,75,1,75,75,'2018-08-15 21:43:18','2018-08-15 21:43:18',37),(109,1,64,1,64,64,'2018-08-15 22:25:09','2018-08-15 22:25:09',38),(110,1,1,1,1,1,'2018-08-15 22:43:32','2018-08-15 22:43:32',47),(111,1,1,1,1,1,'2018-08-16 09:40:08','2018-08-16 09:40:08',47),(112,1,21,1,21,21,'2018-08-16 10:41:36','2018-08-16 10:41:36',47),(113,1,1,1,1,1,'2018-08-16 12:17:15','2018-08-16 12:17:15',47),(114,1,15,1,15,15,'2018-08-16 14:37:50','2018-08-16 14:37:50',38),(115,1,15,1,15,15,'2018-08-16 14:38:00','2018-08-16 14:38:00',47),(116,1,1,1,1,1,'2018-08-16 22:21:13','2018-08-16 22:21:13',47),(117,1,1,1,1,1,'2018-08-17 08:40:47','2018-08-17 08:40:47',47),(118,1,1,1,1,1,'2018-08-17 09:56:52','2018-08-17 09:56:52',47),(119,1,1,1,1,1,'2018-08-17 11:47:57','2018-08-17 11:47:57',47),(120,1,71,1,71,71,'2018-08-17 16:55:09','2018-08-17 16:55:09',14),(121,1,71,1,71,71,'2018-08-17 17:30:13','2018-08-17 17:30:13',14),(122,1,71,1,71,71,'2018-08-17 17:30:15','2018-08-17 17:30:15',14),(123,1,6,1,6,6,'2018-08-17 18:29:57','2018-08-17 18:29:57',20),(124,1,6,1,6,6,'2018-08-17 18:32:17','2018-08-17 18:32:17',22),(125,1,6,1,6,6,'2018-08-17 18:41:14','2018-08-17 18:41:14',24),(126,1,6,1,6,6,'2018-08-17 18:48:29','2018-08-17 18:48:29',26),(127,1,6,1,6,6,'2018-08-17 18:56:52','2018-08-17 18:56:52',27),(128,1,38,1,38,38,'2018-08-17 22:25:43','2018-08-17 22:25:43',38),(129,1,38,1,38,38,'2018-08-17 22:31:12','2018-08-17 22:31:12',47),(130,1,1,1,1,1,'2018-08-18 08:49:27','2018-08-18 08:49:27',14),(131,1,1,1,1,1,'2018-08-18 08:49:53','2018-08-18 08:49:53',14),(132,1,1,1,1,1,'2018-08-18 08:49:56','2018-08-18 08:49:56',16),(133,1,1,1,1,1,'2018-08-18 08:50:44','2018-08-18 08:50:44',15),(134,1,1,1,1,1,'2018-08-18 08:51:42','2018-08-18 08:51:42',17),(135,1,1,1,1,1,'2018-08-18 11:14:40','2018-08-18 11:14:40',14),(136,1,1,1,1,1,'2018-08-18 14:44:49','2018-08-18 14:44:49',47),(137,1,45,1,45,45,'2018-08-19 14:40:02','2018-08-19 14:40:02',47),(138,1,55,1,55,55,'2018-08-19 20:19:02','2018-08-19 20:19:02',14),(139,1,55,1,55,55,'2018-08-19 20:31:34','2018-08-19 20:31:34',15),(140,1,55,1,55,55,'2018-08-19 20:31:45','2018-08-19 20:31:45',15),(141,1,1,1,1,1,'2018-08-20 13:44:23','2018-08-20 13:44:23',50),(142,1,1,1,1,1,'2018-08-20 13:44:39','2018-08-20 13:44:39',49),(143,1,1,1,1,1,'2018-08-20 13:44:45','2018-08-20 13:44:45',48),(144,1,1,1,1,1,'2018-08-20 13:44:48','2018-08-20 13:44:48',49),(145,1,1,1,1,1,'2018-08-20 13:48:21','2018-08-20 13:48:21',51),(146,1,1,1,1,1,'2018-08-20 13:48:24','2018-08-20 13:48:24',51),(147,1,1,1,1,1,'2018-08-20 13:48:26','2018-08-20 13:48:26',52),(148,1,1,1,1,1,'2018-08-20 13:48:28','2018-08-20 13:48:28',51),(149,1,1,1,1,1,'2018-08-20 13:48:30','2018-08-20 13:48:30',52),(150,1,1,1,1,1,'2018-08-20 13:51:09','2018-08-20 13:51:09',52),(151,1,1,1,1,1,'2018-08-20 14:05:40','2018-08-20 14:05:40',49),(152,1,1,1,1,1,'2018-08-20 14:06:50','2018-08-20 14:06:50',47),(153,1,1,1,1,1,'2018-08-20 14:27:30','2018-08-20 14:27:30',54),(154,1,1,1,1,1,'2018-08-20 15:11:57','2018-08-20 15:11:57',48),(155,1,1,1,1,1,'2018-08-20 15:11:58','2018-08-20 15:11:58',49),(156,1,1,1,1,1,'2018-08-20 15:12:08','2018-08-20 15:12:08',52),(157,1,1,1,1,1,'2018-08-20 15:12:11','2018-08-20 15:12:11',51),(158,1,1,1,1,1,'2018-08-20 15:12:15','2018-08-20 15:12:15',52),(159,1,1,1,1,1,'2018-08-20 15:12:21','2018-08-20 15:12:21',51),(160,1,1,1,1,1,'2018-08-20 15:12:59','2018-08-20 15:12:59',52),(161,1,1,1,1,1,'2018-08-20 15:14:13','2018-08-20 15:14:13',55),(162,1,1,1,1,1,'2018-08-20 15:14:32','2018-08-20 15:14:32',53),(163,1,1,1,1,1,'2018-08-20 15:48:59','2018-08-20 15:48:59',47),(164,1,71,1,71,71,'2018-08-20 16:26:51','2018-08-20 16:26:51',14),(165,1,71,1,71,71,'2018-08-20 16:49:47','2018-08-20 16:49:47',15),(166,1,46,1,46,46,'2018-08-20 18:44:33','2018-08-20 18:44:33',49),(167,1,46,1,46,46,'2018-08-20 18:44:38','2018-08-20 18:44:38',48),(168,1,46,1,46,46,'2018-08-20 18:44:41','2018-08-20 18:44:41',49),(169,1,70,1,70,70,'2018-08-20 19:30:51','2018-08-20 19:30:51',58),(170,1,70,1,70,70,'2018-08-20 20:34:17','2018-08-20 20:34:17',52),(171,1,1,1,1,1,'2018-08-20 21:13:09','2018-08-20 21:13:09',47),(172,1,1,1,1,1,'2018-08-20 21:20:16','2018-08-20 21:20:16',60),(173,1,1,1,1,1,'2018-08-21 09:14:47','2018-08-21 09:14:47',47),(174,1,71,1,71,71,'2018-08-21 12:18:57','2018-08-21 12:18:57',48),(175,1,82,1,82,82,'2018-08-21 14:23:19','2018-08-21 14:23:19',39),(176,1,82,1,82,82,'2018-08-21 14:27:14','2018-08-21 14:27:14',40),(177,1,82,1,82,82,'2018-08-21 14:27:14','2018-08-21 14:27:14',40),(178,1,82,1,82,82,'2018-08-21 14:29:15','2018-08-21 14:29:15',41),(179,1,82,1,82,82,'2018-08-21 14:29:15','2018-08-21 14:29:15',41),(180,1,82,1,82,82,'2018-08-21 14:32:16','2018-08-21 14:32:16',43),(181,1,82,1,82,82,'2018-08-21 14:32:16','2018-08-21 14:32:16',43),(182,1,82,1,82,82,'2018-08-21 14:33:53','2018-08-21 14:33:53',44),(183,1,25,1,25,25,'2018-08-21 15:15:15','2018-08-21 15:15:15',60),(184,1,46,1,46,46,'2018-08-21 16:37:42','2018-08-21 16:37:42',49),(185,1,25,1,25,25,'2018-08-21 16:56:38','2018-08-21 16:56:38',48),(186,1,25,1,25,25,'2018-08-21 16:56:38','2018-08-21 16:56:38',48),(187,1,25,1,25,25,'2018-08-21 16:56:46','2018-08-21 16:56:46',49),(188,1,25,1,25,25,'2018-08-21 16:56:46','2018-08-21 16:56:46',49),(189,1,25,1,25,25,'2018-08-21 16:57:01','2018-08-21 16:57:01',60),(190,1,25,1,25,25,'2018-08-21 16:57:02','2018-08-21 16:57:02',60),(191,1,1,1,1,1,'2018-08-21 19:26:47','2018-08-21 19:26:47',47),(192,1,70,1,70,70,'2018-08-21 19:46:25','2018-08-21 19:46:25',60),(193,1,35,1,35,35,'2018-08-21 19:46:55','2018-08-21 19:46:55',48),(194,1,35,1,35,35,'2018-08-21 19:46:56','2018-08-21 19:46:56',48),(195,1,93,1,93,93,'2018-08-21 23:07:35','2018-08-21 23:07:35',56),(196,1,42,1,42,42,'2018-08-22 03:04:25','2018-08-22 03:04:25',39),(197,1,42,1,42,42,'2018-08-22 03:04:28','2018-08-22 03:04:28',39),(198,1,42,1,42,42,'2018-08-22 03:04:30','2018-08-22 03:04:30',39),(199,1,42,1,42,42,'2018-08-22 03:04:31','2018-08-22 03:04:31',39),(200,1,42,1,42,42,'2018-08-22 03:04:37','2018-08-22 03:04:37',39),(201,1,42,1,42,42,'2018-08-22 03:04:40','2018-08-22 03:04:40',39),(202,1,42,1,42,42,'2018-08-22 03:04:40','2018-08-22 03:04:40',39),(203,1,70,1,70,70,'2018-08-22 09:50:32','2018-08-22 09:50:32',60),(204,1,70,1,70,70,'2018-08-22 13:03:43','2018-08-22 13:03:43',58),(205,1,1,1,1,1,'2018-08-22 13:21:41','2018-08-22 13:21:41',47),(206,1,1,1,1,1,'2018-08-22 14:53:33','2018-08-22 14:53:33',47),(207,1,87,1,87,87,'2018-08-22 15:33:46','2018-08-22 15:33:46',14),(208,1,1,1,1,1,'2018-08-22 20:06:43','2018-08-22 20:06:43',47),(209,1,50,1,50,50,'2018-08-22 20:07:44','2018-08-22 20:07:44',47),(210,1,72,1,72,72,'2018-08-22 20:47:01','2018-08-22 20:47:01',14),(211,1,72,1,72,72,'2018-08-22 20:58:06','2018-08-22 20:58:06',15),(212,1,53,1,53,53,'2018-08-22 22:48:10','2018-08-22 22:48:10',48),(213,1,82,1,82,82,'2018-08-23 07:04:49','2018-08-23 07:04:49',39),(214,1,82,1,82,82,'2018-08-23 07:10:36','2018-08-23 07:10:36',42),(215,1,82,1,82,82,'2018-08-23 07:11:20','2018-08-23 07:11:20',42),(216,1,82,1,82,82,'2018-08-23 07:14:39','2018-08-23 07:14:39',14),(217,1,82,1,82,82,'2018-08-23 07:25:51','2018-08-23 07:25:51',15),(218,1,82,1,82,82,'2018-08-23 07:34:57','2018-08-23 07:34:57',15),(219,1,82,1,82,82,'2018-08-23 07:39:07','2018-08-23 07:39:07',16),(220,1,82,1,82,82,'2018-08-23 07:47:30','2018-08-23 07:47:30',17),(221,1,10,1,10,10,'2018-08-23 08:27:58','2018-08-23 08:27:58',52),(222,1,38,1,38,38,'2018-08-23 09:32:49','2018-08-23 09:32:49',38),(223,1,38,1,38,38,'2018-08-23 09:48:27','2018-08-23 09:48:27',47),(224,1,72,1,72,72,'2018-08-23 19:52:16','2018-08-23 19:52:16',16),(225,1,72,1,72,72,'2018-08-23 19:52:21','2018-08-23 19:52:21',16),(226,1,72,1,72,72,'2018-08-23 19:52:21','2018-08-23 19:52:21',16),(227,1,46,1,46,46,'2018-08-23 19:54:59','2018-08-23 19:54:59',60),(228,1,72,1,72,72,'2018-08-23 20:02:38','2018-08-23 20:02:38',17),(229,1,72,1,72,72,'2018-08-23 20:04:37','2018-08-23 20:04:37',17),(230,1,72,1,72,72,'2018-08-23 20:16:32','2018-08-23 20:16:32',18),(231,1,72,1,72,72,'2018-08-23 20:37:58','2018-08-23 20:37:58',35),(232,1,72,1,72,72,'2018-08-23 20:39:47','2018-08-23 20:39:47',36),(233,1,72,1,72,72,'2018-08-23 20:44:42','2018-08-23 20:44:42',37),(234,1,72,1,72,72,'2018-08-23 20:48:22','2018-08-23 20:48:22',37),(235,1,72,1,72,72,'2018-08-23 20:50:23','2018-08-23 20:50:23',37),(236,1,71,1,71,71,'2018-08-23 21:35:56','2018-08-23 21:35:56',38),(237,1,71,1,71,71,'2018-08-23 21:35:58','2018-08-23 21:35:58',38),(238,1,71,1,71,71,'2018-08-23 21:36:04','2018-08-23 21:36:04',47),(239,1,29,1,29,29,'2018-08-23 22:08:06','2018-08-23 22:08:06',56),(240,1,29,1,29,29,'2018-08-23 22:08:09','2018-08-23 22:08:09',56),(241,1,29,1,29,29,'2018-08-23 22:08:15','2018-08-23 22:08:15',56),(242,1,29,1,29,29,'2018-08-23 22:08:16','2018-08-23 22:08:16',56),(243,1,29,1,29,29,'2018-08-23 22:08:17','2018-08-23 22:08:17',56),(244,1,29,1,29,29,'2018-08-23 22:08:23','2018-08-23 22:08:23',56),(245,1,29,1,29,29,'2018-08-23 22:08:58','2018-08-23 22:08:58',56),(246,1,29,1,29,29,'2018-08-23 22:09:17','2018-08-23 22:09:17',56),(247,1,29,1,29,29,'2018-08-23 22:11:19','2018-08-23 22:11:19',57),(248,1,93,1,93,93,'2018-08-23 22:20:55','2018-08-23 22:20:55',56),(249,1,93,1,93,93,'2018-08-23 22:21:20','2018-08-23 22:21:20',57),(250,1,93,1,93,93,'2018-08-23 22:21:59','2018-08-23 22:21:59',57),(251,1,93,1,93,93,'2018-08-23 22:23:23','2018-08-23 22:23:23',58),(252,1,93,1,93,93,'2018-08-23 22:23:34','2018-08-23 22:23:34',57),(253,1,93,1,93,93,'2018-08-23 22:23:40','2018-08-23 22:23:40',57),(254,1,93,1,93,93,'2018-08-23 22:23:51','2018-08-23 22:23:51',57),(255,1,93,1,93,93,'2018-08-23 22:40:21','2018-08-23 22:40:21',56),(256,1,93,1,93,93,'2018-08-23 22:40:25','2018-08-23 22:40:25',58),(257,1,93,1,93,93,'2018-08-23 22:51:37','2018-08-23 22:51:37',59),(258,1,93,1,93,93,'2018-08-23 22:54:31','2018-08-23 22:54:31',55),(259,1,1,1,1,1,'2018-08-24 18:44:27','2018-08-24 18:44:27',47),(260,1,6,1,6,6,'2018-08-24 20:03:46','2018-08-24 20:03:46',15),(261,1,55,1,55,55,'2018-08-25 05:42:25','2018-08-25 05:42:25',56),(262,1,55,1,55,55,'2018-08-25 05:42:39','2018-08-25 05:42:39',56),(263,1,55,1,55,55,'2018-08-25 05:43:22','2018-08-25 05:43:22',56),(264,1,55,1,55,55,'2018-08-25 05:43:40','2018-08-25 05:43:40',57),(265,1,6,1,6,6,'2018-08-25 11:37:54','2018-08-25 11:37:54',28),(266,1,6,1,6,6,'2018-08-25 11:45:19','2018-08-25 11:45:19',29),(267,1,6,1,6,6,'2018-08-25 11:45:34','2018-08-25 11:45:34',28),(268,1,70,1,70,70,'2018-08-25 17:18:31','2018-08-25 17:18:31',20),(269,1,70,1,70,70,'2018-08-25 17:20:30','2018-08-25 17:20:30',22),(270,1,38,1,38,38,'2018-08-25 18:59:45','2018-08-25 18:59:45',38),(271,1,35,1,35,35,'2018-08-25 21:10:05','2018-08-25 21:10:05',51),(272,1,74,1,74,74,'2018-08-26 05:33:25','2018-08-26 05:33:25',56),(273,1,35,1,35,35,'2018-08-26 09:17:39','2018-08-26 09:17:39',14),(274,1,35,1,35,35,'2018-08-26 10:56:16','2018-08-26 10:56:16',15),(275,1,46,1,46,46,'2018-08-26 13:11:08','2018-08-26 13:11:08',60),(276,1,35,1,35,35,'2018-08-26 13:15:46','2018-08-26 13:15:46',51),(277,1,46,1,46,46,'2018-08-26 13:54:18','2018-08-26 13:54:18',50),(278,1,46,1,46,46,'2018-08-26 14:13:28','2018-08-26 14:13:28',57),(279,1,6,1,6,6,'2018-08-26 14:32:50','2018-08-26 14:32:50',38),(280,1,6,1,6,6,'2018-08-26 14:32:51','2018-08-26 14:32:51',38),(281,1,6,1,6,6,'2018-08-26 14:33:40','2018-08-26 14:33:40',47),(282,1,71,1,71,71,'2018-08-26 17:16:23','2018-08-26 17:16:23',20),(283,1,71,1,71,71,'2018-08-26 17:22:30','2018-08-26 17:22:30',22),(284,1,71,1,71,71,'2018-08-26 17:22:33','2018-08-26 17:22:33',22),(285,1,71,1,71,71,'2018-08-26 17:31:17','2018-08-26 17:31:17',24),(286,1,35,1,35,35,'2018-08-26 17:36:10','2018-08-26 17:36:10',52),(287,1,71,1,71,71,'2018-08-26 17:38:35','2018-08-26 17:38:35',26),(288,1,71,1,71,71,'2018-08-26 17:47:04','2018-08-26 17:47:04',27),(289,1,35,1,35,35,'2018-08-26 18:08:31','2018-08-26 18:08:31',53),(290,1,35,1,35,35,'2018-08-26 18:08:32','2018-08-26 18:08:32',53),(291,1,46,1,46,46,'2018-08-26 19:22:40','2018-08-26 19:22:40',57),(292,1,25,1,25,25,'2018-08-26 20:08:31','2018-08-26 20:08:31',48),(293,1,46,1,46,46,'2018-08-26 20:53:14','2018-08-26 20:53:14',58),(294,1,55,1,55,55,'2018-08-27 10:15:11','2018-08-27 10:15:11',38),(295,1,55,1,55,55,'2018-08-27 10:22:20','2018-08-27 10:22:20',47),(296,1,55,1,55,55,'2018-08-27 11:05:37','2018-08-27 11:05:37',20),(297,1,6,1,6,6,'2018-08-27 11:06:36','2018-08-27 11:06:36',28),(298,1,55,1,55,55,'2018-08-27 11:08:17','2018-08-27 11:08:17',22),(299,1,6,1,6,6,'2018-08-27 11:14:36','2018-08-27 11:14:36',29),(300,1,55,1,55,55,'2018-08-27 11:17:00','2018-08-27 11:17:00',24),(301,1,6,1,6,6,'2018-08-27 11:19:21','2018-08-27 11:19:21',29),(302,1,55,1,55,55,'2018-08-27 11:24:36','2018-08-27 11:24:36',26),(303,1,55,1,55,55,'2018-08-27 11:24:48','2018-08-27 11:24:48',26),(304,1,55,1,55,55,'2018-08-27 11:33:02','2018-08-27 11:33:02',27),(305,1,6,1,6,6,'2018-08-27 11:51:36','2018-08-27 11:51:36',30),(306,1,6,1,6,6,'2018-08-27 12:02:25','2018-08-27 12:02:25',31),(307,1,6,1,6,6,'2018-08-27 12:06:12','2018-08-27 12:06:12',32),(308,1,6,1,6,6,'2018-08-27 12:07:35','2018-08-27 12:07:35',33),(309,1,6,1,6,6,'2018-08-27 12:25:28','2018-08-27 12:25:28',33),(310,1,6,1,6,6,'2018-08-27 12:27:20','2018-08-27 12:27:20',34),(311,1,6,1,6,6,'2018-08-27 12:29:19','2018-08-27 12:29:19',34),(312,1,6,1,6,6,'2018-08-27 12:30:28','2018-08-27 12:30:28',39),(313,1,6,1,6,6,'2018-08-27 12:33:46','2018-08-27 12:33:46',40),(314,1,6,1,6,6,'2018-08-27 12:35:19','2018-08-27 12:35:19',41),(315,1,6,1,6,6,'2018-08-27 12:38:17','2018-08-27 12:38:17',42),(316,1,6,1,6,6,'2018-08-27 12:39:41','2018-08-27 12:39:41',43),(317,1,6,1,6,6,'2018-08-27 12:41:11','2018-08-27 12:41:11',44),(318,1,6,1,6,6,'2018-08-27 12:42:43','2018-08-27 12:42:43',45),(319,1,6,1,6,6,'2018-08-27 12:44:26','2018-08-27 12:44:26',48),(320,1,90,1,90,90,'2018-08-27 14:35:39','2018-08-27 14:35:39',38),(321,1,90,1,90,90,'2018-08-27 14:40:47','2018-08-27 14:40:47',47),(322,1,1,1,1,1,'2018-08-27 16:27:47','2018-08-27 16:27:47',26),(323,1,53,1,53,53,'2018-08-27 18:45:51','2018-08-27 18:45:51',60),(324,1,35,1,35,35,'2018-08-27 19:59:36','2018-08-27 19:59:36',55),(325,1,46,1,46,46,'2018-08-27 20:04:21','2018-08-27 20:04:21',52),(326,1,46,1,46,46,'2018-08-27 21:31:41','2018-08-27 21:31:41',52),(327,1,46,1,46,46,'2018-08-27 21:52:38','2018-08-27 21:52:38',55),(328,1,64,1,64,64,'2018-08-28 15:20:02','2018-08-28 15:20:02',47),(329,1,9,1,9,9,'2018-08-28 15:35:50','2018-08-28 15:35:50',48),(330,1,42,1,42,42,'2018-08-28 16:14:57','2018-08-28 16:14:57',49),(331,1,42,1,42,42,'2018-08-28 16:15:08','2018-08-28 16:15:08',49),(332,1,73,1,73,73,'2018-08-28 16:49:49','2018-08-28 16:49:49',53),(333,1,99,1,99,99,'2018-08-28 19:06:36','2018-08-28 19:06:36',14),(334,1,99,1,99,99,'2018-08-28 19:45:22','2018-08-28 19:45:22',15),(335,1,64,1,64,64,'2018-08-28 20:07:40','2018-08-28 20:07:40',49),(336,1,114,1,114,114,'2018-08-28 20:36:06','2018-08-28 20:36:06',38),(337,1,100,1,100,100,'2018-08-28 20:36:31','2018-08-28 20:36:31',56),(338,1,99,1,99,99,'2018-08-28 20:38:38','2018-08-28 20:38:38',16),(339,1,100,1,100,100,'2018-08-28 20:39:21','2018-08-28 20:39:21',56),(340,1,99,1,99,99,'2018-08-28 20:44:35','2018-08-28 20:44:35',17),(341,1,114,1,114,114,'2018-08-28 20:46:41','2018-08-28 20:46:41',47),(342,1,114,1,114,114,'2018-08-28 20:46:47','2018-08-28 20:46:47',47),(343,1,114,1,114,114,'2018-08-28 20:46:47','2018-08-28 20:46:47',47),(344,1,114,1,114,114,'2018-08-28 20:46:47','2018-08-28 20:46:47',47),(345,1,114,1,114,114,'2018-08-28 20:46:47','2018-08-28 20:46:47',47),(346,1,99,1,99,99,'2018-08-28 20:47:11','2018-08-28 20:47:11',18),(347,1,114,1,114,114,'2018-08-28 20:47:20','2018-08-28 20:47:20',47),(348,1,99,1,99,99,'2018-08-28 20:50:39','2018-08-28 20:50:39',35),(349,1,99,1,99,99,'2018-08-28 20:52:26','2018-08-28 20:52:26',36),(350,1,99,1,99,99,'2018-08-28 21:15:08','2018-08-28 21:15:08',37),(351,1,94,1,94,94,'2018-08-28 21:22:00','2018-08-28 21:22:00',38),(352,1,101,1,101,101,'2018-08-28 21:22:08','2018-08-28 21:22:08',38),(353,1,101,1,101,101,'2018-08-28 21:22:23','2018-08-28 21:22:23',38),(354,1,101,1,101,101,'2018-08-28 21:22:27','2018-08-28 21:22:27',38),(355,1,101,1,101,101,'2018-08-28 21:22:27','2018-08-28 21:22:27',38),(356,1,101,1,101,101,'2018-08-28 21:22:28','2018-08-28 21:22:28',38),(357,1,101,1,101,101,'2018-08-28 21:22:28','2018-08-28 21:22:28',38),(358,1,101,1,101,101,'2018-08-28 21:22:29','2018-08-28 21:22:29',38),(359,1,101,1,101,101,'2018-08-28 21:22:29','2018-08-28 21:22:29',38),(360,1,101,1,101,101,'2018-08-28 21:22:33','2018-08-28 21:22:33',47),(361,1,101,1,101,101,'2018-08-28 21:22:42','2018-08-28 21:22:42',38),(362,1,101,1,101,101,'2018-08-28 21:29:10','2018-08-28 21:29:10',47),(363,1,94,1,94,94,'2018-08-28 21:35:30','2018-08-28 21:35:30',38),(364,1,72,1,72,72,'2018-08-28 22:04:18','2018-08-28 22:04:18',37),(365,1,46,1,46,46,'2018-08-28 22:14:05','2018-08-28 22:14:05',54),(366,1,9,1,9,9,'2018-08-29 09:54:27','2018-08-29 09:54:27',48),(367,1,9,1,9,9,'2018-08-29 09:54:29','2018-08-29 09:54:29',60),(368,1,9,1,9,9,'2018-08-29 09:54:29','2018-08-29 09:54:29',60),(369,1,114,1,114,114,'2018-08-29 10:37:41','2018-08-29 10:37:41',38),(370,1,114,1,114,114,'2018-08-29 10:37:45','2018-08-29 10:37:45',38),(371,1,99,1,99,99,'2018-08-29 10:42:46','2018-08-29 10:42:46',28),(372,1,99,1,99,99,'2018-08-29 10:59:59','2018-08-29 10:59:59',29),(373,1,99,1,99,99,'2018-08-29 11:05:32','2018-08-29 11:05:32',30),(374,1,99,1,99,99,'2018-08-29 11:05:39','2018-08-29 11:05:39',30),(375,1,114,1,114,114,'2018-08-29 11:10:01','2018-08-29 11:10:01',38),(376,1,99,1,99,99,'2018-08-29 11:13:41','2018-08-29 11:13:41',31),(377,1,99,1,99,99,'2018-08-29 11:19:01','2018-08-29 11:19:01',32),(378,1,99,1,99,99,'2018-08-29 11:21:01','2018-08-29 11:21:01',33),(379,1,99,1,99,99,'2018-08-29 11:22:46','2018-08-29 11:22:46',34),(380,1,99,1,99,99,'2018-08-29 11:46:57','2018-08-29 11:46:57',20),(381,1,99,1,99,99,'2018-08-29 11:49:06','2018-08-29 11:49:06',22),(382,1,99,1,99,99,'2018-08-29 12:16:09','2018-08-29 12:16:09',24),(383,1,9,1,9,9,'2018-08-29 12:21:47','2018-08-29 12:21:47',56),(384,1,9,1,9,9,'2018-08-29 12:23:28','2018-08-29 12:23:28',56),(385,1,9,1,9,9,'2018-08-29 12:23:48','2018-08-29 12:23:48',57),(386,1,9,1,9,9,'2018-08-29 12:34:59','2018-08-29 12:34:59',49),(387,1,9,1,9,9,'2018-08-29 12:35:07','2018-08-29 12:35:07',49),(388,1,99,1,99,99,'2018-08-29 12:39:54','2018-08-29 12:39:54',26),(389,1,99,1,99,99,'2018-08-29 12:46:44','2018-08-29 12:46:44',27),(390,1,99,1,99,99,'2018-08-29 16:19:36','2018-08-29 16:19:36',38),(391,1,99,1,99,99,'2018-08-29 16:29:40','2018-08-29 16:29:40',47),(392,1,72,1,72,72,'2018-08-29 17:03:44','2018-08-29 17:03:44',37),(393,1,46,1,46,46,'2018-08-29 20:01:03','2018-08-29 20:01:03',60),(394,1,46,1,46,46,'2018-08-29 20:01:14','2018-08-29 20:01:14',55),(395,1,94,1,94,94,'2018-08-29 20:37:02','2018-08-29 20:37:02',38),(396,1,94,1,94,94,'2018-08-29 20:37:10','2018-08-29 20:37:10',38),(397,1,94,1,94,94,'2018-08-29 20:37:27','2018-08-29 20:37:27',38),(398,1,94,1,94,94,'2018-08-29 20:49:40','2018-08-29 20:49:40',38),(399,1,94,1,94,94,'2018-08-29 20:49:51','2018-08-29 20:49:51',38),(400,1,94,1,94,94,'2018-08-29 20:59:42','2018-08-29 20:59:42',47),(401,1,114,1,114,114,'2018-08-29 21:26:45','2018-08-29 21:26:45',56),(402,1,55,1,55,55,'2018-08-29 22:01:14','2018-08-29 22:01:14',55),(403,1,55,1,55,55,'2018-08-29 23:06:58','2018-08-29 23:06:58',51),(404,1,55,1,55,55,'2018-08-29 23:08:10','2018-08-29 23:08:10',51),(405,1,114,1,114,114,'2018-08-29 23:19:55','2018-08-29 23:19:55',14),(406,1,114,1,114,114,'2018-08-29 23:20:01','2018-08-29 23:20:01',14),(407,1,114,1,114,114,'2018-08-29 23:31:40','2018-08-29 23:31:40',48),(408,1,55,1,55,55,'2018-08-30 00:08:55','2018-08-30 00:08:55',51),(409,1,55,1,55,55,'2018-08-30 00:18:40','2018-08-30 00:18:40',52),(410,1,55,1,55,55,'2018-08-30 00:21:19','2018-08-30 00:21:19',52),(411,1,15,1,15,15,'2018-08-30 03:56:24','2018-08-30 03:56:24',60),(412,1,55,1,55,55,'2018-08-30 07:53:48','2018-08-30 07:53:48',52),(413,1,55,1,55,55,'2018-08-30 07:54:39','2018-08-30 07:54:39',52),(414,1,55,1,55,55,'2018-08-30 09:05:38','2018-08-30 09:05:38',61),(415,1,55,1,55,55,'2018-08-30 09:06:04','2018-08-30 09:06:04',61),(416,1,91,1,91,91,'2018-08-30 09:52:51','2018-08-30 09:52:51',49),(417,1,114,1,114,114,'2018-08-30 10:13:43','2018-08-30 10:13:43',56),(418,1,114,1,114,114,'2018-08-30 10:13:44','2018-08-30 10:13:44',56),(419,1,101,1,101,101,'2018-08-30 10:17:20','2018-08-30 10:17:20',14),(420,1,101,1,101,101,'2018-08-30 10:35:20','2018-08-30 10:35:20',15),(421,1,101,1,101,101,'2018-08-30 10:43:12','2018-08-30 10:43:12',16),(422,1,55,1,55,55,'2018-08-30 10:46:03','2018-08-30 10:46:03',56),(423,1,101,1,101,101,'2018-08-30 10:48:47','2018-08-30 10:48:47',17),(424,1,101,1,101,101,'2018-08-30 10:51:30','2018-08-30 10:51:30',18),(425,1,101,1,101,101,'2018-08-30 10:54:37','2018-08-30 10:54:37',35),(426,1,101,1,101,101,'2018-08-30 10:54:40','2018-08-30 10:54:40',35),(427,1,101,1,101,101,'2018-08-30 10:56:34','2018-08-30 10:56:34',36),(428,1,101,1,101,101,'2018-08-30 11:00:23','2018-08-30 11:00:23',37),(429,1,114,1,114,114,'2018-08-30 11:13:04','2018-08-30 11:13:04',60),(430,1,114,1,114,114,'2018-08-30 11:13:12','2018-08-30 11:13:12',60),(431,1,121,1,121,121,'2018-08-30 12:09:54','2018-08-30 12:09:54',48),(432,1,121,1,121,121,'2018-08-30 12:09:58','2018-08-30 12:09:58',48),(433,1,99,1,99,99,'2018-08-30 12:36:49','2018-08-30 12:36:49',47),(434,1,55,1,55,55,'2018-08-30 12:40:47','2018-08-30 12:40:47',57),(435,1,9,1,9,9,'2018-08-30 13:30:36','2018-08-30 13:30:36',54),(436,1,55,1,55,55,'2018-08-30 13:59:31','2018-08-30 13:59:31',58),(437,1,50,1,50,50,'2018-08-30 15:09:38','2018-08-30 15:09:38',47),(438,1,55,1,55,55,'2018-08-30 15:25:39','2018-08-30 15:25:39',38),(439,1,55,1,55,55,'2018-08-30 15:34:57','2018-08-30 15:34:57',47),(440,1,99,1,99,99,'2018-08-30 15:49:10','2018-08-30 15:49:10',39),(441,1,99,1,99,99,'2018-08-30 15:49:10','2018-08-30 15:49:10',39),(442,1,99,1,99,99,'2018-08-30 15:52:29','2018-08-30 15:52:29',40),(443,1,118,1,118,118,'2018-08-30 15:59:33','2018-08-30 15:59:33',56),(444,1,118,1,118,118,'2018-08-30 15:59:53','2018-08-30 15:59:53',56),(445,1,121,1,121,121,'2018-08-30 16:05:13','2018-08-30 16:05:13',49),(446,1,121,1,121,121,'2018-08-30 16:05:19','2018-08-30 16:05:19',49),(447,1,121,1,121,121,'2018-08-30 16:05:19','2018-08-30 16:05:19',49),(448,1,55,1,55,55,'2018-08-30 16:08:12','2018-08-30 16:08:12',47),(449,1,55,1,55,55,'2018-08-30 16:16:16','2018-08-30 16:16:16',54),(450,1,82,1,82,82,'2018-08-30 16:26:44','2018-08-30 16:26:44',48),(451,1,74,1,74,74,'2018-08-30 16:29:37','2018-08-30 16:29:37',38),(452,1,99,1,99,99,'2018-08-30 16:32:28','2018-08-30 16:32:28',41),(453,1,99,1,99,99,'2018-08-30 16:35:01','2018-08-30 16:35:01',42),(454,1,99,1,99,99,'2018-08-30 16:36:08','2018-08-30 16:36:08',48),(455,1,55,1,55,55,'2018-08-30 17:16:00','2018-08-30 17:16:00',59),(456,1,55,1,55,55,'2018-08-30 17:16:09','2018-08-30 17:16:09',59),(457,1,74,1,74,74,'2018-08-30 18:02:19','2018-08-30 18:02:19',47),(458,1,55,1,55,55,'2018-08-30 18:33:14','2018-08-30 18:33:14',20),(459,1,55,1,55,55,'2018-08-30 18:34:22','2018-08-30 18:34:22',20),(460,1,55,1,55,55,'2018-08-30 18:34:53','2018-08-30 18:34:53',20),(461,1,55,1,55,55,'2018-08-30 18:34:56','2018-08-30 18:34:56',20),(462,1,55,1,55,55,'2018-08-30 18:34:56','2018-08-30 18:34:56',20),(463,1,55,1,55,55,'2018-08-30 18:35:55','2018-08-30 18:35:55',22),(464,1,55,1,55,55,'2018-08-30 18:35:57','2018-08-30 18:35:57',22),(465,1,45,1,45,45,'2018-08-30 18:36:23','2018-08-30 18:36:23',49),(466,1,55,1,55,55,'2018-08-30 18:37:34','2018-08-30 18:37:34',39),(467,1,121,1,121,121,'2018-08-30 18:41:37','2018-08-30 18:41:37',49),(468,1,121,1,121,121,'2018-08-30 18:44:41','2018-08-30 18:44:41',49),(469,1,55,1,55,55,'2018-08-30 18:46:00','2018-08-30 18:46:00',24),(470,1,55,1,55,55,'2018-08-30 18:46:23','2018-08-30 18:46:23',24),(471,1,55,1,55,55,'2018-08-30 18:46:26','2018-08-30 18:46:26',24),(472,1,55,1,55,55,'2018-08-30 18:52:47','2018-08-30 18:52:47',40),(473,1,55,1,55,55,'2018-08-30 18:54:08','2018-08-30 18:54:08',26),(474,1,55,1,55,55,'2018-08-30 18:54:10','2018-08-30 18:54:10',26),(475,1,55,1,55,55,'2018-08-30 18:55:50','2018-08-30 18:55:50',40),(476,1,55,1,55,55,'2018-08-30 18:57:33','2018-08-30 18:57:33',41),(477,1,55,1,55,55,'2018-08-30 19:00:48','2018-08-30 19:00:48',42),(478,1,55,1,55,55,'2018-08-30 19:02:15','2018-08-30 19:02:15',27),(479,1,55,1,55,55,'2018-08-30 19:02:16','2018-08-30 19:02:16',27),(480,1,55,1,55,55,'2018-08-30 19:03:40','2018-08-30 19:03:40',43),(481,1,55,1,55,55,'2018-08-30 19:05:51','2018-08-30 19:05:51',44),(482,1,55,1,55,55,'2018-08-30 19:06:15','2018-08-30 19:06:15',48),(483,1,55,1,55,55,'2018-08-30 19:07:51','2018-08-30 19:07:51',45),(484,1,55,1,55,55,'2018-08-30 19:19:47','2018-08-30 19:19:47',28),(485,1,55,1,55,55,'2018-08-30 20:13:36','2018-08-30 20:13:36',28),(486,1,55,1,55,55,'2018-08-30 20:13:40','2018-08-30 20:13:40',29),(487,1,55,1,55,55,'2018-08-30 20:19:05','2018-08-30 20:19:05',30),(488,1,55,1,55,55,'2018-08-30 20:22:45','2018-08-30 20:22:45',31),(489,1,55,1,55,55,'2018-08-30 20:25:11','2018-08-30 20:25:11',49),(490,1,55,1,55,55,'2018-08-30 20:26:50','2018-08-30 20:26:50',32),(491,1,55,1,55,55,'2018-08-30 20:28:39','2018-08-30 20:28:39',33),(492,1,55,1,55,55,'2018-08-30 20:30:53','2018-08-30 20:30:53',34),(493,1,55,1,55,55,'2018-08-30 20:40:57','2018-08-30 20:40:57',39),(494,1,55,1,55,55,'2018-08-30 20:41:53','2018-08-30 20:41:53',28),(495,1,55,1,55,55,'2018-08-30 20:43:03','2018-08-30 20:43:03',28),(496,1,55,1,55,55,'2018-08-30 20:49:20','2018-08-30 20:49:20',39),(497,1,94,1,94,94,'2018-08-30 21:00:57','2018-08-30 21:00:57',47),(498,1,94,1,94,94,'2018-08-30 21:01:04','2018-08-30 21:01:04',47),(499,1,94,1,94,94,'2018-08-30 21:01:08','2018-08-30 21:01:08',47),(500,1,55,1,55,55,'2018-08-30 21:06:59','2018-08-30 21:06:59',20),(501,1,55,1,55,55,'2018-08-30 21:07:57','2018-08-30 21:07:57',22),(502,1,55,1,55,55,'2018-08-30 21:12:22','2018-08-30 21:12:22',20),(503,1,55,1,55,55,'2018-08-30 21:14:15','2018-08-30 21:14:15',20),(504,1,55,1,55,55,'2018-08-30 21:17:38','2018-08-30 21:17:38',22),(505,1,55,1,55,55,'2018-08-30 21:29:28','2018-08-30 21:29:28',24),(506,1,55,1,55,55,'2018-08-30 21:39:08','2018-08-30 21:39:08',26),(507,1,55,1,55,55,'2018-08-30 21:41:29','2018-08-30 21:41:29',26),(508,1,55,1,55,55,'2018-08-30 21:41:30','2018-08-30 21:41:30',26),(509,1,55,1,55,55,'2018-08-30 21:49:38','2018-08-30 21:49:38',26),(510,1,55,1,55,55,'2018-08-30 21:49:46','2018-08-30 21:49:46',24),(511,1,55,1,55,55,'2018-08-30 21:49:54','2018-08-30 21:49:54',27),(512,1,55,1,55,55,'2018-08-30 21:51:07','2018-08-30 21:51:07',60),(513,1,38,1,38,38,'2018-08-30 22:16:44','2018-08-30 22:16:44',40),(514,1,38,1,38,38,'2018-08-30 22:18:26','2018-08-30 22:18:26',39),(515,1,123,1,123,123,'2018-08-30 22:34:58','2018-08-30 22:34:58',38),(516,1,123,1,123,123,'2018-08-30 22:36:20','2018-08-30 22:36:20',28),(517,1,55,1,55,55,'2018-08-30 23:03:09','2018-08-30 23:03:09',50),(518,1,55,1,55,55,'2018-08-30 23:05:17','2018-08-30 23:05:17',39),(519,1,55,1,55,55,'2018-08-30 23:09:07','2018-08-30 23:09:07',40),(520,1,55,1,55,55,'2018-08-30 23:11:09','2018-08-30 23:11:09',41),(521,1,55,1,55,55,'2018-08-30 23:11:14','2018-08-30 23:11:14',41),(522,1,55,1,55,55,'2018-08-30 23:14:40','2018-08-30 23:14:40',42),(523,1,55,1,55,55,'2018-08-30 23:14:41','2018-08-30 23:14:41',42),(524,1,55,1,55,55,'2018-08-30 23:16:34','2018-08-30 23:16:34',43),(525,1,55,1,55,55,'2018-08-30 23:16:39','2018-08-30 23:16:39',43),(526,1,55,1,55,55,'2018-08-30 23:18:39','2018-08-30 23:18:39',44),(527,1,55,1,55,55,'2018-08-30 23:20:46','2018-08-30 23:20:46',45),(528,1,55,1,55,55,'2018-08-30 23:20:55','2018-08-30 23:20:55',45),(529,1,6,1,6,6,'2018-08-31 06:50:39','2018-08-31 06:50:39',55),(530,1,6,1,6,6,'2018-08-31 08:00:42','2018-08-31 08:00:42',55),(531,1,1,1,1,1,'2018-08-31 09:41:23','2018-08-31 09:41:23',47),(532,1,55,1,55,55,'2018-08-31 09:47:34','2018-08-31 09:47:34',28),(533,1,55,1,55,55,'2018-08-31 09:58:07','2018-08-31 09:58:07',29),(534,1,55,1,55,55,'2018-08-31 09:58:24','2018-08-31 09:58:24',29),(535,1,55,1,55,55,'2018-08-31 10:04:43','2018-08-31 10:04:43',30),(536,1,55,1,55,55,'2018-08-31 10:04:45','2018-08-31 10:04:45',30),(537,1,55,1,55,55,'2018-08-31 10:08:49','2018-08-31 10:08:49',31),(538,1,55,1,55,55,'2018-08-31 10:12:47','2018-08-31 10:12:47',32),(539,1,55,1,55,55,'2018-08-31 10:14:26','2018-08-31 10:14:26',33),(540,1,55,1,55,55,'2018-08-31 10:14:28','2018-08-31 10:14:28',33),(541,1,55,1,55,55,'2018-08-31 10:16:27','2018-08-31 10:16:27',34),(542,1,55,1,55,55,'2018-08-31 10:16:39','2018-08-31 10:16:39',34),(543,1,55,1,55,55,'2018-08-31 10:21:16','2018-08-31 10:21:16',20),(544,1,55,1,55,55,'2018-08-31 10:22:17','2018-08-31 10:22:17',14),(545,1,55,1,55,55,'2018-08-31 10:23:32','2018-08-31 10:23:32',14),(546,1,55,1,55,55,'2018-08-31 10:36:30','2018-08-31 10:36:30',15),(547,1,55,1,55,55,'2018-08-31 10:36:34','2018-08-31 10:36:34',15),(548,1,55,1,55,55,'2018-08-31 10:44:51','2018-08-31 10:44:51',16),(549,1,55,1,55,55,'2018-08-31 10:44:54','2018-08-31 10:44:54',16),(550,1,55,1,55,55,'2018-08-31 10:51:27','2018-08-31 10:51:27',17),(551,1,55,1,55,55,'2018-08-31 10:54:20','2018-08-31 10:54:20',18),(552,1,55,1,55,55,'2018-08-31 10:54:23','2018-08-31 10:54:23',18),(553,1,55,1,55,55,'2018-08-31 10:57:28','2018-08-31 10:57:28',35),(554,1,55,1,55,55,'2018-08-31 10:59:36','2018-08-31 10:59:36',36),(555,1,55,1,55,55,'2018-08-31 10:59:38','2018-08-31 10:59:38',36),(556,1,55,1,55,55,'2018-08-31 11:02:33','2018-08-31 11:02:33',37),(557,1,121,1,121,121,'2018-08-31 11:51:33','2018-08-31 11:51:33',60),(558,1,99,1,99,99,'2018-08-31 13:55:07','2018-08-31 13:55:07',49),(559,1,99,1,99,99,'2018-08-31 16:10:21','2018-08-31 16:10:21',56),(560,1,99,1,99,99,'2018-08-31 16:11:38','2018-08-31 16:11:38',57),(561,1,55,1,55,55,'2018-08-31 16:17:58','2018-08-31 16:17:58',20),(562,1,55,1,55,55,'2018-08-31 16:18:02','2018-08-31 16:18:02',20),(563,1,45,1,45,45,'2018-08-31 16:35:41','2018-08-31 16:35:41',60),(564,1,45,1,45,45,'2018-08-31 16:40:13','2018-08-31 16:40:13',48),(565,1,55,1,55,55,'2018-08-31 16:55:11','2018-08-31 16:55:11',22),(566,1,115,1,115,115,'2018-08-31 19:01:15','2018-08-31 19:01:15',39),(567,1,115,1,115,115,'2018-08-31 19:01:22','2018-08-31 19:01:22',39),(568,1,99,1,99,99,'2018-08-31 19:23:42','2018-08-31 19:23:42',49),(569,1,99,1,99,99,'2018-08-31 19:24:23','2018-08-31 19:24:23',48),(570,1,99,1,99,99,'2018-08-31 19:24:41','2018-08-31 19:24:41',60),(571,1,115,1,115,115,'2018-08-31 19:33:24','2018-08-31 19:33:24',28),(572,1,94,1,94,94,'2018-08-31 21:39:31','2018-08-31 21:39:31',48),(573,1,1,1,1,1,'2018-09-01 06:03:37','2018-09-01 06:03:37',62),(574,1,1,1,1,1,'2018-09-01 06:04:01','2018-09-01 06:04:01',67),(575,1,1,1,1,1,'2018-09-01 06:04:05','2018-09-01 06:04:05',63),(576,1,1,1,1,1,'2018-09-01 06:04:07','2018-09-01 06:04:07',62),(577,1,1,1,1,1,'2018-09-01 06:05:24','2018-09-01 06:05:24',63),(578,1,1,1,1,1,'2018-09-01 06:09:30','2018-09-01 06:09:30',64),(579,1,1,1,1,1,'2018-09-01 06:13:01','2018-09-01 06:13:01',65),(580,1,1,1,1,1,'2018-09-01 06:19:25','2018-09-01 06:19:25',66),(581,1,1,1,1,1,'2018-09-01 06:20:10','2018-09-01 06:20:10',67),(582,1,37,1,37,37,'2018-09-01 06:30:10','2018-09-01 06:30:10',65),(583,1,24,1,24,24,'2018-09-01 07:21:10','2018-09-01 07:21:10',63),(584,1,24,1,24,24,'2018-09-01 07:25:47','2018-09-01 07:25:47',64),(585,1,24,1,24,24,'2018-09-01 07:25:55','2018-09-01 07:25:55',64),(586,1,25,1,25,25,'2018-09-01 07:34:19','2018-09-01 07:34:19',62),(587,1,6,1,6,6,'2018-09-01 07:34:51','2018-09-01 07:34:51',63),(588,1,6,1,6,6,'2018-09-01 07:34:57','2018-09-01 07:34:57',63),(589,1,6,1,6,6,'2018-09-01 07:35:00','2018-09-01 07:35:00',63),(590,1,6,1,6,6,'2018-09-01 07:35:07','2018-09-01 07:35:07',63),(591,1,6,1,6,6,'2018-09-01 07:35:08','2018-09-01 07:35:08',63),(592,1,6,1,6,6,'2018-09-01 07:35:10','2018-09-01 07:35:10',63),(593,1,6,1,6,6,'2018-09-01 07:35:10','2018-09-01 07:35:10',63),(594,1,24,1,24,24,'2018-09-01 07:36:08','2018-09-01 07:36:08',65),(595,1,6,1,6,6,'2018-09-01 07:42:21','2018-09-01 07:42:21',64),(596,1,9,1,9,9,'2018-09-01 07:49:56','2018-09-01 07:49:56',62),(597,1,9,1,9,9,'2018-09-01 07:50:19','2018-09-01 07:50:19',63),(598,1,6,1,6,6,'2018-09-01 07:50:36','2018-09-01 07:50:36',65),(599,1,25,1,25,25,'2018-09-01 07:51:08','2018-09-01 07:51:08',63),(600,1,25,1,25,25,'2018-09-01 07:56:57','2018-09-01 07:56:57',64),(601,1,38,1,38,38,'2018-09-01 08:21:36','2018-09-01 08:21:36',63),(602,1,38,1,38,38,'2018-09-01 08:21:43','2018-09-01 08:21:43',63),(603,1,24,1,24,24,'2018-09-01 08:29:32','2018-09-01 08:29:32',65),(604,1,24,1,24,24,'2018-09-01 08:58:40','2018-09-01 08:58:40',66),(605,1,24,1,24,24,'2018-09-01 09:27:01','2018-09-01 09:27:01',67),(606,1,101,1,101,101,'2018-09-01 10:21:29','2018-09-01 10:21:29',20),(607,1,101,1,101,101,'2018-09-01 10:23:49','2018-09-01 10:23:49',22),(608,1,101,1,101,101,'2018-09-01 10:34:18','2018-09-01 10:34:18',24),(609,1,101,1,101,101,'2018-09-01 10:42:40','2018-09-01 10:42:40',26),(610,1,74,1,74,74,'2018-09-01 10:43:14','2018-09-01 10:43:14',38),(611,1,101,1,101,101,'2018-09-01 10:50:14','2018-09-01 10:50:14',27),(612,1,4,1,4,4,'2018-09-01 10:53:39','2018-09-01 10:53:39',62),(613,1,4,1,4,4,'2018-09-01 10:53:43','2018-09-01 10:53:43',67),(614,1,4,1,4,4,'2018-09-01 10:53:51','2018-09-01 10:53:51',62),(615,1,4,1,4,4,'2018-09-01 10:54:32','2018-09-01 10:54:32',62),(616,1,94,1,94,94,'2018-09-01 12:39:43','2018-09-01 12:39:43',62),(617,1,74,1,74,74,'2018-09-01 13:33:03','2018-09-01 13:33:03',47),(618,1,74,1,74,74,'2018-09-01 13:34:26','2018-09-01 13:34:26',61),(619,1,26,1,26,26,'2018-09-01 14:52:06','2018-09-01 14:52:06',63),(620,1,26,1,26,26,'2018-09-01 14:53:23','2018-09-01 14:53:23',63),(621,1,91,1,91,91,'2018-09-01 14:58:02','2018-09-01 14:58:02',63),(622,1,91,1,91,91,'2018-09-01 14:58:08','2018-09-01 14:58:08',63),(623,1,91,1,91,91,'2018-09-01 14:58:24','2018-09-01 14:58:24',66),(624,1,91,1,91,91,'2018-09-01 14:58:32','2018-09-01 14:58:32',66),(625,1,91,1,91,91,'2018-09-01 14:58:33','2018-09-01 14:58:33',66),(626,1,91,1,91,91,'2018-09-01 14:58:33','2018-09-01 14:58:33',66),(627,1,91,1,91,91,'2018-09-01 14:58:48','2018-09-01 14:58:48',66),(628,1,91,1,91,91,'2018-09-01 15:06:40','2018-09-01 15:06:40',67),(629,1,24,1,24,24,'2018-09-01 15:13:01','2018-09-01 15:13:01',68),(630,1,26,1,26,26,'2018-09-01 15:20:16','2018-09-01 15:20:16',64),(631,1,94,1,94,94,'2018-09-01 16:00:48','2018-09-01 16:00:48',62),(632,1,94,1,94,94,'2018-09-01 16:04:46','2018-09-01 16:04:46',63),(633,1,94,1,94,94,'2018-09-01 16:09:10','2018-09-01 16:09:10',64),(634,1,94,1,94,94,'2018-09-01 16:18:54','2018-09-01 16:18:54',65),(635,1,94,1,94,94,'2018-09-01 16:26:26','2018-09-01 16:26:26',66),(636,1,94,1,94,94,'2018-09-01 16:38:43','2018-09-01 16:38:43',62),(637,1,94,1,94,94,'2018-09-01 16:44:16','2018-09-01 16:44:16',66),(638,1,94,1,94,94,'2018-09-01 16:51:56','2018-09-01 16:51:56',67),(639,1,94,1,94,94,'2018-09-01 17:15:41','2018-09-01 17:15:41',63),(640,1,94,1,94,94,'2018-09-01 18:12:49','2018-09-01 18:12:49',63),(641,1,70,1,70,70,'2018-09-01 19:19:23','2018-09-01 19:19:23',65),(642,1,70,1,70,70,'2018-09-01 19:19:27','2018-09-01 19:19:27',65),(643,1,70,1,70,70,'2018-09-01 19:24:48','2018-09-01 19:24:48',66),(644,1,70,1,70,70,'2018-09-01 19:32:27','2018-09-01 19:32:27',68),(645,1,70,1,70,70,'2018-09-01 19:45:07','2018-09-01 19:45:07',65),(646,1,46,1,46,46,'2018-09-01 20:25:15','2018-09-01 20:25:15',62),(647,1,46,1,46,46,'2018-09-01 20:34:45','2018-09-01 20:34:45',63),(648,1,46,1,46,46,'2018-09-01 20:54:55','2018-09-01 20:54:55',64),(649,1,46,1,46,46,'2018-09-01 21:04:10','2018-09-01 21:04:10',65),(650,1,31,1,31,31,'2018-09-01 21:11:32','2018-09-01 21:11:32',63),(651,1,46,1,46,46,'2018-09-01 21:18:35','2018-09-01 21:18:35',66),(652,1,60,1,60,60,'2018-09-01 21:31:39','2018-09-01 21:31:39',65),(653,1,60,1,60,60,'2018-09-01 21:31:52','2018-09-01 21:31:52',65),(654,1,60,1,60,60,'2018-09-01 21:31:53','2018-09-01 21:31:53',65),(655,1,60,1,60,60,'2018-09-01 21:31:53','2018-09-01 21:31:53',65),(656,1,60,1,60,60,'2018-09-01 21:31:57','2018-09-01 21:31:57',65),(657,1,60,1,60,60,'2018-09-01 21:32:09','2018-09-01 21:32:09',65),(658,1,60,1,60,60,'2018-09-01 21:32:10','2018-09-01 21:32:10',62),(659,1,60,1,60,60,'2018-09-01 21:32:12','2018-09-01 21:32:12',65),(660,1,60,1,60,60,'2018-09-01 21:32:21','2018-09-01 21:32:21',65),(661,1,60,1,60,60,'2018-09-01 21:39:06','2018-09-01 21:39:06',66),(662,1,46,1,46,46,'2018-09-01 21:42:39','2018-09-01 21:42:39',65),(663,1,60,1,60,60,'2018-09-01 21:47:22','2018-09-01 21:47:22',68),(664,1,46,1,46,46,'2018-09-01 21:54:13','2018-09-01 21:54:13',66),(665,1,94,1,94,94,'2018-09-01 22:05:59','2018-09-01 22:05:59',64),(666,1,94,1,94,94,'2018-09-01 22:05:59','2018-09-01 22:05:59',64),(667,1,46,1,46,46,'2018-09-01 22:15:01','2018-09-01 22:15:01',67),(668,1,1,1,1,1,'2018-09-02 04:52:11','2018-09-02 04:52:11',62),(669,1,1,1,1,1,'2018-09-02 04:55:16','2018-09-02 04:55:16',63),(670,1,1,1,1,1,'2018-09-02 05:04:47','2018-09-02 05:04:47',64),(671,1,1,1,1,1,'2018-09-02 05:21:16','2018-09-02 05:21:16',65),(672,1,1,1,1,1,'2018-09-02 05:26:37','2018-09-02 05:26:37',66),(673,1,1,1,1,1,'2018-09-02 05:52:41','2018-09-02 05:52:41',67),(674,1,1,1,1,1,'2018-09-02 06:08:25','2018-09-02 06:08:25',68),(675,1,13,1,13,13,'2018-09-02 06:32:55','2018-09-02 06:32:55',47),(676,1,13,1,13,13,'2018-09-02 06:33:01','2018-09-02 06:33:01',47),(677,1,13,1,13,13,'2018-09-02 06:33:04','2018-09-02 06:33:04',47),(678,1,114,1,114,114,'2018-09-02 07:55:45','2018-09-02 07:55:45',49),(679,1,114,1,114,114,'2018-09-02 07:55:55','2018-09-02 07:55:55',49),(680,1,114,1,114,114,'2018-09-02 07:55:59','2018-09-02 07:55:59',60),(681,1,114,1,114,114,'2018-09-02 07:56:06','2018-09-02 07:56:06',49),(682,1,94,1,94,94,'2018-09-02 11:00:15','2018-09-02 11:00:15',65),(683,1,121,1,121,121,'2018-09-02 12:25:39','2018-09-02 12:25:39',38),(684,1,121,1,121,121,'2018-09-02 12:26:05','2018-09-02 12:26:05',60),(685,1,121,1,121,121,'2018-09-02 12:26:12','2018-09-02 12:26:12',60),(686,1,94,1,94,94,'2018-09-02 12:42:14','2018-09-02 12:42:14',66),(687,1,94,1,94,94,'2018-09-02 12:43:29','2018-09-02 12:43:29',65),(688,1,123,1,123,123,'2018-09-02 12:51:19','2018-09-02 12:51:19',65),(689,1,46,1,46,46,'2018-09-02 13:39:25','2018-09-02 13:39:25',66),(690,1,46,1,46,46,'2018-09-02 13:45:24','2018-09-02 13:45:24',68),(691,1,46,1,46,46,'2018-09-02 13:54:23','2018-09-02 13:54:23',65),(692,1,46,1,46,46,'2018-09-02 14:01:05','2018-09-02 14:01:05',66),(693,1,94,1,94,94,'2018-09-02 14:56:00','2018-09-02 14:56:00',66),(694,1,26,1,26,26,'2018-09-02 18:10:28','2018-09-02 18:10:28',64),(695,1,94,1,94,94,'2018-09-02 18:33:24','2018-09-02 18:33:24',66),(696,1,94,1,94,94,'2018-09-02 19:05:43','2018-09-02 19:05:43',66),(697,1,13,1,13,13,'2018-09-02 19:44:23','2018-09-02 19:44:23',38),(698,1,13,1,13,13,'2018-09-02 19:46:02','2018-09-02 19:46:02',48),(699,1,13,1,13,13,'2018-09-02 19:46:10','2018-09-02 19:46:10',48),(700,1,13,1,13,13,'2018-09-02 19:46:23','2018-09-02 19:46:23',49),(701,1,114,1,114,114,'2018-09-02 20:35:36','2018-09-02 20:35:36',62),(702,1,114,1,114,114,'2018-09-02 20:38:52','2018-09-02 20:38:52',62),(703,1,114,1,114,114,'2018-09-02 20:39:00','2018-09-02 20:39:00',63),(704,1,21,1,21,21,'2018-09-02 22:38:18','2018-09-02 22:38:18',62),(705,1,21,1,21,21,'2018-09-02 22:41:29','2018-09-02 22:41:29',63),(706,1,72,1,72,72,'2018-09-02 22:59:15','2018-09-02 22:59:15',66),(707,1,72,1,72,72,'2018-09-02 23:03:17','2018-09-02 23:03:17',65),(708,1,123,1,123,123,'2018-09-02 23:08:47','2018-09-02 23:08:47',54),(709,1,123,1,123,123,'2018-09-02 23:15:19','2018-09-02 23:15:19',59),(710,1,123,1,123,123,'2018-09-02 23:17:09','2018-09-02 23:17:09',48),(711,1,123,1,123,123,'2018-09-02 23:23:46','2018-09-02 23:23:46',60),(712,1,113,1,113,113,'2018-09-03 03:06:22','2018-09-03 03:06:22',66),(713,1,113,1,113,113,'2018-09-03 03:06:55','2018-09-03 03:06:55',65),(714,1,42,1,42,42,'2018-09-03 06:02:55','2018-09-03 06:02:55',49),(715,1,82,1,82,82,'2018-09-03 06:30:17','2018-09-03 06:30:17',49),(716,1,82,1,82,82,'2018-09-03 06:41:06','2018-09-03 06:41:06',49),(717,1,82,1,82,82,'2018-09-03 06:41:08','2018-09-03 06:41:08',49),(718,1,82,1,82,82,'2018-09-03 06:41:09','2018-09-03 06:41:09',49),(719,1,82,1,82,82,'2018-09-03 06:41:14','2018-09-03 06:41:14',49),(720,1,82,1,82,82,'2018-09-03 06:41:15','2018-09-03 06:41:15',49),(721,1,82,1,82,82,'2018-09-03 06:41:16','2018-09-03 06:41:16',48),(722,1,82,1,82,82,'2018-09-03 06:41:18','2018-09-03 06:41:18',48),(723,1,82,1,82,82,'2018-09-03 06:41:18','2018-09-03 06:41:18',48),(724,1,82,1,82,82,'2018-09-03 06:41:20','2018-09-03 06:41:20',49),(725,1,82,1,82,82,'2018-09-03 06:41:21','2018-09-03 06:41:21',49),(726,1,82,1,82,82,'2018-09-03 06:41:30','2018-09-03 06:41:30',49),(727,1,82,1,82,82,'2018-09-03 06:41:30','2018-09-03 06:41:30',49),(728,1,82,1,82,82,'2018-09-03 06:41:32','2018-09-03 06:41:32',49),(729,1,82,1,82,82,'2018-09-03 06:41:34','2018-09-03 06:41:34',49),(730,1,25,1,25,25,'2018-09-03 08:23:03','2018-09-03 08:23:03',60),(731,1,25,1,25,25,'2018-09-03 08:25:20','2018-09-03 08:25:20',54),(732,1,136,1,136,136,'2018-09-03 08:52:11','2018-09-03 08:52:11',27),(733,1,64,1,64,64,'2018-09-03 11:25:32','2018-09-03 11:25:32',65),(734,1,64,1,64,64,'2018-09-03 12:41:08','2018-09-03 12:41:08',65),(735,1,64,1,64,64,'2018-09-03 13:38:29','2018-09-03 13:38:29',65),(736,1,64,1,64,64,'2018-09-03 13:38:39','2018-09-03 13:38:39',65),(737,1,64,1,64,64,'2018-09-03 13:40:48','2018-09-03 13:40:48',65),(738,1,64,1,64,64,'2018-09-03 13:40:50','2018-09-03 13:40:50',65),(739,1,64,1,64,64,'2018-09-03 13:40:52','2018-09-03 13:40:52',65),(740,1,64,1,64,64,'2018-09-03 13:40:55','2018-09-03 13:40:55',65),(741,1,64,1,64,64,'2018-09-03 13:40:55','2018-09-03 13:40:55',65),(742,1,64,1,64,64,'2018-09-03 13:40:55','2018-09-03 13:40:55',65),(743,1,64,1,64,64,'2018-09-03 13:41:02','2018-09-03 13:41:02',65),(744,1,64,1,64,64,'2018-09-03 13:41:25','2018-09-03 13:41:25',65),(745,1,64,1,64,64,'2018-09-03 13:41:31','2018-09-03 13:41:31',65),(746,1,8,1,8,8,'2018-09-03 14:30:13','2018-09-03 14:30:13',62),(747,1,8,1,8,8,'2018-09-03 14:30:17','2018-09-03 14:30:17',62),(748,1,8,1,8,8,'2018-09-03 14:33:59','2018-09-03 14:33:59',48),(749,1,8,1,8,8,'2018-09-03 14:34:05','2018-09-03 14:34:05',48),(750,1,8,1,8,8,'2018-09-03 15:17:25','2018-09-03 15:17:25',49),(751,1,99,1,99,99,'2018-09-03 16:23:36','2018-09-03 16:23:36',60),(752,1,118,1,118,118,'2018-09-03 18:13:18','2018-09-03 18:13:18',48),(753,1,129,1,129,129,'2018-09-03 18:38:15','2018-09-03 18:38:15',63),(754,1,30,1,30,30,'2018-09-03 18:47:10','2018-09-03 18:47:10',48),(755,1,129,1,129,129,'2018-09-03 18:55:46','2018-09-03 18:55:46',64),(756,1,1,1,1,1,'2018-09-03 19:00:30','2018-09-03 19:00:30',47),(757,1,30,1,30,30,'2018-09-03 19:13:59','2018-09-03 19:13:59',47),(758,1,129,1,129,129,'2018-09-03 19:18:44','2018-09-03 19:18:44',65),(759,1,71,1,71,71,'2018-09-03 19:32:56','2018-09-03 19:32:56',63),(760,1,129,1,129,129,'2018-09-03 19:35:22','2018-09-03 19:35:22',66),(761,1,129,1,129,129,'2018-09-03 19:35:23','2018-09-03 19:35:23',66),(762,1,71,1,71,71,'2018-09-03 19:41:34','2018-09-03 19:41:34',64),(763,1,71,1,71,71,'2018-09-03 19:46:26','2018-09-03 19:46:26',65),(764,1,26,1,26,26,'2018-09-03 19:50:22','2018-09-03 19:50:22',63),(765,1,71,1,71,71,'2018-09-03 20:06:37','2018-09-03 20:06:37',66),(766,1,71,1,71,71,'2018-09-03 20:06:49','2018-09-03 20:06:49',66),(767,1,71,1,71,71,'2018-09-03 20:06:50','2018-09-03 20:06:50',66),(768,1,71,1,71,71,'2018-09-03 20:06:56','2018-09-03 20:06:56',67),(769,1,71,1,71,71,'2018-09-03 20:06:58','2018-09-03 20:06:58',67),(770,1,71,1,71,71,'2018-09-03 20:07:23','2018-09-03 20:07:23',66),(771,1,94,1,94,94,'2018-09-03 20:56:42','2018-09-03 20:56:42',67),(772,1,94,1,94,94,'2018-09-03 21:02:46','2018-09-03 21:02:46',68),(773,1,64,1,64,64,'2018-09-03 21:09:31','2018-09-03 21:09:31',68),(774,1,28,1,28,28,'2018-09-03 21:20:29','2018-09-03 21:20:29',48),(775,1,28,1,28,28,'2018-09-03 21:20:37','2018-09-03 21:20:37',48),(776,1,28,1,28,28,'2018-09-03 21:20:45','2018-09-03 21:20:45',48),(777,1,94,1,94,94,'2018-09-03 21:34:33','2018-09-03 21:34:33',38),(778,1,123,1,123,123,'2018-09-03 22:38:04','2018-09-03 22:38:04',60),(779,1,82,1,82,82,'2018-09-04 06:23:19','2018-09-04 06:23:19',62),(780,1,82,1,82,82,'2018-09-04 06:23:31','2018-09-04 06:23:31',62),(781,1,82,1,82,82,'2018-09-04 06:23:48','2018-09-04 06:23:48',63),(782,1,82,1,82,82,'2018-09-04 06:23:49','2018-09-04 06:23:49',63),(783,1,82,1,82,82,'2018-09-04 06:29:24','2018-09-04 06:29:24',49),(784,1,82,1,82,82,'2018-09-04 06:48:04','2018-09-04 06:48:04',49),(785,1,82,1,82,82,'2018-09-04 06:48:05','2018-09-04 06:48:05',49),(786,1,82,1,82,82,'2018-09-04 06:48:06','2018-09-04 06:48:06',49),(787,1,82,1,82,82,'2018-09-04 06:48:07','2018-09-04 06:48:07',49),(788,1,82,1,82,82,'2018-09-04 06:48:08','2018-09-04 06:48:08',49),(789,1,82,1,82,82,'2018-09-04 06:48:28','2018-09-04 06:48:28',49),(790,1,82,1,82,82,'2018-09-04 06:48:29','2018-09-04 06:48:29',49),(791,1,82,1,82,82,'2018-09-04 06:49:41','2018-09-04 06:49:41',49),(792,1,82,1,82,82,'2018-09-04 07:06:28','2018-09-04 07:06:28',60),(793,1,82,1,82,82,'2018-09-04 07:22:59','2018-09-04 07:22:59',52),(794,1,82,1,82,82,'2018-09-04 07:30:46','2018-09-04 07:30:46',61),(795,1,67,1,67,67,'2018-09-04 12:07:56','2018-09-04 12:07:56',14),(796,1,67,1,67,67,'2018-09-04 12:19:08','2018-09-04 12:19:08',15),(797,1,121,1,121,121,'2018-09-04 12:49:26','2018-09-04 12:49:26',60),(798,1,121,1,121,121,'2018-09-04 12:49:26','2018-09-04 12:49:26',60),(799,1,121,1,121,121,'2018-09-04 12:49:27','2018-09-04 12:49:27',60),(800,1,25,1,25,25,'2018-09-04 13:04:06','2018-09-04 13:04:06',65),(801,1,121,1,121,121,'2018-09-04 13:05:35','2018-09-04 13:05:35',47),(802,1,114,1,114,114,'2018-09-04 13:06:26','2018-09-04 13:06:26',64),(803,1,114,1,114,114,'2018-09-04 13:07:08','2018-09-04 13:07:08',64),(804,1,114,1,114,114,'2018-09-04 13:08:46','2018-09-04 13:08:46',64),(805,1,25,1,25,25,'2018-09-04 13:16:00','2018-09-04 13:16:00',66),(806,1,114,1,114,114,'2018-09-04 13:18:20','2018-09-04 13:18:20',65),(807,1,114,1,114,114,'2018-09-04 13:24:14','2018-09-04 13:24:14',66),(808,1,26,1,26,26,'2018-09-04 13:25:55','2018-09-04 13:25:55',64),(809,1,114,1,114,114,'2018-09-04 13:31:51','2018-09-04 13:31:51',67),(810,1,114,1,114,114,'2018-09-04 13:47:29','2018-09-04 13:47:29',68),(811,1,26,1,26,26,'2018-09-04 13:55:50','2018-09-04 13:55:50',63),(812,1,26,1,26,26,'2018-09-04 14:07:54','2018-09-04 14:07:54',65),(813,1,114,1,114,114,'2018-09-04 14:20:01','2018-09-04 14:20:01',68),(814,1,43,1,43,43,'2018-09-04 14:48:21','2018-09-04 14:48:21',63),(815,1,43,1,43,43,'2018-09-04 14:53:01','2018-09-04 14:53:01',64),(816,1,1,1,1,1,'2018-09-04 15:08:31','2018-09-04 15:08:31',65),(817,1,1,1,1,1,'2018-09-04 15:08:31','2018-09-04 15:08:31',65),(818,1,1,1,1,1,'2018-09-04 15:08:33','2018-09-04 15:08:33',65),(819,1,82,1,82,82,'2018-09-04 15:25:03','2018-09-04 15:25:03',69),(820,1,82,1,82,82,'2018-09-04 15:25:03','2018-09-04 15:25:03',69),(821,1,82,1,82,82,'2018-09-04 15:25:06','2018-09-04 15:25:06',69),(822,1,82,1,82,82,'2018-09-04 15:25:06','2018-09-04 15:25:06',69),(823,1,82,1,82,82,'2018-09-04 15:25:14','2018-09-04 15:25:14',69),(824,1,82,1,82,82,'2018-09-04 15:25:15','2018-09-04 15:25:15',69),(825,1,82,1,82,82,'2018-09-04 15:26:52','2018-09-04 15:26:52',69),(826,1,82,1,82,82,'2018-09-04 15:26:52','2018-09-04 15:26:52',69),(827,1,82,1,82,82,'2018-09-04 15:26:53','2018-09-04 15:26:53',69),(828,1,82,1,82,82,'2018-09-04 15:26:56','2018-09-04 15:26:56',69),(829,1,82,1,82,82,'2018-09-04 15:26:56','2018-09-04 15:26:56',69),(830,1,82,1,82,82,'2018-09-04 15:26:56','2018-09-04 15:26:56',69),(831,1,82,1,82,82,'2018-09-04 15:26:59','2018-09-04 15:26:59',69),(832,1,74,1,74,74,'2018-09-04 15:29:19','2018-09-04 15:29:19',47),(833,1,25,1,25,25,'2018-09-04 15:38:17','2018-09-04 15:38:17',65),(834,1,74,1,74,74,'2018-09-04 15:59:59','2018-09-04 15:59:59',48),(835,1,25,1,25,25,'2018-09-04 16:21:07','2018-09-04 16:21:07',66),(836,1,43,1,43,43,'2018-09-04 16:46:46','2018-09-04 16:46:46',65),(837,1,60,1,60,60,'2018-09-04 18:09:10','2018-09-04 18:09:10',63),(838,1,55,1,55,55,'2018-09-04 18:10:57','2018-09-04 18:10:57',62),(839,1,55,1,55,55,'2018-09-04 18:11:02','2018-09-04 18:11:02',62),(840,1,60,1,60,60,'2018-09-04 18:15:08','2018-09-04 18:15:08',65),(841,1,64,1,64,64,'2018-09-04 18:21:20','2018-09-04 18:21:20',48),(842,1,64,1,64,64,'2018-09-04 18:22:15','2018-09-04 18:22:15',47),(843,1,64,1,64,64,'2018-09-04 18:56:21','2018-09-04 18:56:21',65),(844,1,64,1,64,64,'2018-09-04 18:56:28','2018-09-04 18:56:28',65),(845,1,64,1,64,64,'2018-09-04 18:56:29','2018-09-04 18:56:29',65),(846,1,64,1,64,64,'2018-09-04 18:56:34','2018-09-04 18:56:34',65),(847,1,64,1,64,64,'2018-09-04 18:56:34','2018-09-04 18:56:34',65),(848,1,60,1,60,60,'2018-09-04 20:03:12','2018-09-04 20:03:12',66),(849,1,60,1,60,60,'2018-09-04 20:04:51','2018-09-04 20:04:51',65),(850,1,60,1,60,60,'2018-09-04 22:17:11','2018-09-04 22:17:11',65),(851,1,144,1,144,144,'2018-09-04 23:12:21','2018-09-04 23:12:21',38),(852,1,144,1,144,144,'2018-09-04 23:45:43','2018-09-04 23:45:43',59),(853,1,142,1,142,142,'2018-09-05 06:18:37','2018-09-05 06:18:37',54),(854,1,143,1,143,143,'2018-09-05 09:19:19','2018-09-05 09:19:19',14),(855,1,1,1,1,1,'2018-09-05 09:50:34','2018-09-05 09:50:34',72),(856,1,143,1,143,143,'2018-09-05 10:20:21','2018-09-05 10:20:21',60),(857,1,143,1,143,143,'2018-09-05 10:20:25','2018-09-05 10:20:25',60),(858,1,143,1,143,143,'2018-09-05 10:20:32','2018-09-05 10:20:32',60),(859,1,143,1,143,143,'2018-09-05 10:20:33','2018-09-05 10:20:33',60),(860,1,143,1,143,143,'2018-09-05 10:20:33','2018-09-05 10:20:33',60),(861,1,143,1,143,143,'2018-09-05 10:44:06','2018-09-05 10:44:06',60),(862,1,99,1,99,99,'2018-09-05 11:19:31','2018-09-05 11:19:31',49),(863,1,99,1,99,99,'2018-09-05 11:19:45','2018-09-05 11:19:45',60),(864,1,45,1,45,45,'2018-09-05 12:35:20','2018-09-05 12:35:20',56),(865,1,30,1,30,30,'2018-09-05 13:14:42','2018-09-05 13:14:42',49),(866,1,107,1,107,107,'2018-09-05 15:34:44','2018-09-05 15:34:44',62),(867,1,107,1,107,107,'2018-09-05 15:34:47','2018-09-05 15:34:47',62),(868,1,107,1,107,107,'2018-09-05 15:34:48','2018-09-05 15:34:48',62),(869,1,107,1,107,107,'2018-09-05 15:34:49','2018-09-05 15:34:49',62),(870,1,107,1,107,107,'2018-09-05 15:34:51','2018-09-05 15:34:51',62),(871,1,107,1,107,107,'2018-09-05 15:34:57','2018-09-05 15:34:57',62),(872,1,107,1,107,107,'2018-09-05 15:35:05','2018-09-05 15:35:05',62),(873,1,107,1,107,107,'2018-09-05 15:35:05','2018-09-05 15:35:05',62),(874,1,107,1,107,107,'2018-09-05 15:35:05','2018-09-05 15:35:05',62),(875,1,107,1,107,107,'2018-09-05 15:35:06','2018-09-05 15:35:06',62),(876,1,107,1,107,107,'2018-09-05 15:35:07','2018-09-05 15:35:07',62),(877,1,107,1,107,107,'2018-09-05 15:35:11','2018-09-05 15:35:11',62),(878,1,107,1,107,107,'2018-09-05 15:35:18','2018-09-05 15:35:18',63),(879,1,107,1,107,107,'2018-09-05 15:39:14','2018-09-05 15:39:14',62),(880,1,107,1,107,107,'2018-09-05 15:39:18','2018-09-05 15:39:18',63),(881,1,107,1,107,107,'2018-09-05 15:39:22','2018-09-05 15:39:22',64),(882,1,107,1,107,107,'2018-09-05 15:39:43','2018-09-05 15:39:43',56),(883,1,107,1,107,107,'2018-09-05 15:39:50','2018-09-05 15:39:50',57),(884,1,107,1,107,107,'2018-09-05 15:40:14','2018-09-05 15:40:14',62),(885,1,1,1,1,1,'2018-09-05 19:06:44','2018-09-05 19:06:44',47),(886,1,94,1,94,94,'2018-09-05 20:08:19','2018-09-05 20:08:19',47),(887,1,94,1,94,94,'2018-09-05 20:51:27','2018-09-05 20:51:27',48),(888,1,114,1,114,114,'2018-09-05 23:39:06','2018-09-05 23:39:06',49),(889,1,114,1,114,114,'2018-09-05 23:39:06','2018-09-05 23:39:06',49),(890,1,94,1,94,94,'2018-09-06 06:25:53','2018-09-06 06:25:53',48),(891,1,114,1,114,114,'2018-09-06 08:58:40','2018-09-06 08:58:40',49),(892,1,114,1,114,114,'2018-09-06 08:59:55','2018-09-06 08:59:55',48),(893,1,114,1,114,114,'2018-09-06 08:59:55','2018-09-06 08:59:55',48),(894,1,114,1,114,114,'2018-09-06 09:19:16','2018-09-06 09:19:16',49),(895,1,114,1,114,114,'2018-09-06 10:14:36','2018-09-06 10:14:36',60),(896,1,114,1,114,114,'2018-09-06 10:19:00','2018-09-06 10:19:00',60),(897,1,114,1,114,114,'2018-09-06 10:19:04','2018-09-06 10:19:04',69),(898,1,133,1,133,133,'2018-09-06 13:51:03','2018-09-06 13:51:03',62),(899,1,133,1,133,133,'2018-09-06 13:51:25','2018-09-06 13:51:25',63),(900,1,133,1,133,133,'2018-09-06 13:55:38','2018-09-06 13:55:38',64),(901,1,133,1,133,133,'2018-09-06 14:07:52','2018-09-06 14:07:52',65),(902,1,33,1,33,33,'2018-09-06 15:24:15','2018-09-06 15:24:15',48),(903,1,67,1,67,67,'2018-09-06 18:27:30','2018-09-06 18:27:30',38),(904,1,94,1,94,94,'2018-09-06 18:37:51','2018-09-06 18:37:51',49),(905,1,133,1,133,133,'2018-09-06 18:49:24','2018-09-06 18:49:24',14),(906,1,133,1,133,133,'2018-09-06 19:02:58','2018-09-06 19:02:58',15),(907,1,121,1,121,121,'2018-09-06 19:11:42','2018-09-06 19:11:42',69),(908,1,121,1,121,121,'2018-09-06 19:14:32','2018-09-06 19:14:32',69),(909,1,121,1,121,121,'2018-09-06 19:14:33','2018-09-06 19:14:33',69),(910,1,121,1,121,121,'2018-09-06 19:14:33','2018-09-06 19:14:33',69),(911,1,133,1,133,133,'2018-09-06 19:26:11','2018-09-06 19:26:11',16),(912,1,71,1,71,71,'2018-09-06 19:55:04','2018-09-06 19:55:04',67),(913,1,46,1,46,46,'2018-09-06 20:04:22','2018-09-06 20:04:22',70),(914,1,64,1,64,64,'2018-09-06 20:13:07','2018-09-06 20:13:07',48),(915,1,64,1,64,64,'2018-09-06 20:13:33','2018-09-06 20:13:33',49),(916,1,64,1,64,64,'2018-09-06 20:13:58','2018-09-06 20:13:58',60),(917,1,64,1,64,64,'2018-09-06 20:14:32','2018-09-06 20:14:32',38),(918,1,64,1,64,64,'2018-09-06 20:14:42','2018-09-06 20:14:42',47),(919,1,146,1,146,146,'2018-09-06 20:59:10','2018-09-06 20:59:10',38),(920,1,146,1,146,146,'2018-09-06 21:01:51','2018-09-06 21:01:51',47),(921,1,94,1,94,94,'2018-09-06 22:06:01','2018-09-06 22:06:01',67),(922,1,94,1,94,94,'2018-09-07 04:16:18','2018-09-07 04:16:18',60),(923,1,67,1,67,67,'2018-09-07 07:45:13','2018-09-07 07:45:13',63),(924,1,67,1,67,67,'2018-09-07 07:45:39','2018-09-07 07:45:39',63),(925,1,67,1,67,67,'2018-09-07 07:45:47','2018-09-07 07:45:47',63),(926,1,67,1,67,67,'2018-09-07 07:49:43','2018-09-07 07:49:43',64),(927,1,67,1,67,67,'2018-09-07 07:59:00','2018-09-07 07:59:00',65),(928,1,67,1,67,67,'2018-09-07 08:05:45','2018-09-07 08:05:45',66),(929,1,146,1,146,146,'2018-09-07 10:21:28','2018-09-07 10:21:28',48),(930,1,146,1,146,146,'2018-09-07 10:44:07','2018-09-07 10:44:07',49),(931,1,146,1,146,146,'2018-09-07 17:04:47','2018-09-07 17:04:47',60),(932,1,94,1,94,94,'2018-09-07 17:37:34','2018-09-07 17:37:34',69),(933,1,94,1,94,94,'2018-09-07 18:18:43','2018-09-07 18:18:43',69),(934,1,144,1,144,144,'2018-09-07 18:51:44','2018-09-07 18:51:44',48),(935,1,12,1,12,12,'2018-09-07 18:57:12','2018-09-07 18:57:12',63),(936,1,12,1,12,12,'2018-09-07 18:58:00','2018-09-07 18:58:00',63),(937,1,12,1,12,12,'2018-09-07 18:58:01','2018-09-07 18:58:01',63),(938,1,12,1,12,12,'2018-09-07 18:58:01','2018-09-07 18:58:01',63),(939,1,64,1,64,64,'2018-09-07 22:04:58','2018-09-07 22:04:58',69),(940,1,64,1,64,64,'2018-09-07 22:05:02','2018-09-07 22:05:02',69),(941,1,64,1,64,64,'2018-09-07 22:07:04','2018-09-07 22:07:04',69),(942,1,133,1,133,133,'2018-09-07 23:37:56','2018-09-07 23:37:56',60),(943,1,133,1,133,133,'2018-09-07 23:38:24','2018-09-07 23:38:24',69),(944,1,133,1,133,133,'2018-09-07 23:38:25','2018-09-07 23:38:25',69),(945,1,9,1,9,9,'2018-09-08 02:17:52','2018-09-08 02:17:52',69),(946,1,9,1,9,9,'2018-09-08 02:18:02','2018-09-08 02:18:02',69),(947,1,9,1,9,9,'2018-09-08 02:18:07','2018-09-08 02:18:07',69),(948,1,9,1,9,9,'2018-09-08 02:18:10','2018-09-08 02:18:10',69),(949,1,9,1,9,9,'2018-09-08 02:18:10','2018-09-08 02:18:10',69),(950,1,9,1,9,9,'2018-09-08 02:18:10','2018-09-08 02:18:10',69),(951,1,12,1,12,12,'2018-09-08 06:38:25','2018-09-08 06:38:25',63),(952,1,12,1,12,12,'2018-09-08 06:38:44','2018-09-08 06:38:44',62),(953,1,12,1,12,12,'2018-09-08 06:38:56','2018-09-08 06:38:56',63),(954,1,12,1,12,12,'2018-09-08 06:38:57','2018-09-08 06:38:57',63),(955,1,12,1,12,12,'2018-09-08 06:38:58','2018-09-08 06:38:58',63),(956,1,12,1,12,12,'2018-09-08 06:39:01','2018-09-08 06:39:01',63),(957,1,12,1,12,12,'2018-09-08 06:39:02','2018-09-08 06:39:02',62),(958,1,12,1,12,12,'2018-09-08 06:39:03','2018-09-08 06:39:03',64),(959,1,12,1,12,12,'2018-09-08 06:39:04','2018-09-08 06:39:04',65),(960,1,12,1,12,12,'2018-09-08 06:39:06','2018-09-08 06:39:06',64),(961,1,12,1,12,12,'2018-09-08 06:39:12','2018-09-08 06:39:12',63),(962,1,12,1,12,12,'2018-09-08 06:39:16','2018-09-08 06:39:16',67),(963,1,12,1,12,12,'2018-09-08 06:39:43','2018-09-08 06:39:43',17),(964,1,15,1,15,15,'2018-09-08 08:03:54','2018-09-08 08:03:54',64),(965,1,141,1,141,141,'2018-09-08 08:32:34','2018-09-08 08:32:34',65),(966,1,141,1,141,141,'2018-09-08 08:32:41','2018-09-08 08:32:41',65),(967,1,146,1,146,146,'2018-09-08 10:37:02','2018-09-08 10:37:02',60),(968,1,133,1,133,133,'2018-09-08 12:33:55','2018-09-08 12:33:55',38),(969,1,133,1,133,133,'2018-09-08 12:34:51','2018-09-08 12:34:51',47),(970,1,133,1,133,133,'2018-09-08 12:52:27','2018-09-08 12:52:27',48),(971,1,133,1,133,133,'2018-09-08 12:53:07','2018-09-08 12:53:07',49),(972,1,114,1,114,114,'2018-09-08 13:53:38','2018-09-08 13:53:38',60),(973,1,82,1,82,82,'2018-09-08 14:18:04','2018-09-08 14:18:04',71),(974,1,82,1,82,82,'2018-09-08 14:18:09','2018-09-08 14:18:09',71),(975,1,82,1,82,82,'2018-09-08 14:18:21','2018-09-08 14:18:21',71),(976,1,82,1,82,82,'2018-09-08 14:18:22','2018-09-08 14:18:22',71),(977,1,82,1,82,82,'2018-09-08 14:18:22','2018-09-08 14:18:22',71),(978,1,82,1,82,82,'2018-09-08 14:18:22','2018-09-08 14:18:22',71),(979,1,82,1,82,82,'2018-09-08 14:18:24','2018-09-08 14:18:24',69),(980,1,82,1,82,82,'2018-09-08 14:18:28','2018-09-08 14:18:28',71),(981,1,82,1,82,82,'2018-09-08 14:18:39','2018-09-08 14:18:39',71),(982,1,82,1,82,82,'2018-09-08 14:18:39','2018-09-08 14:18:39',71),(983,1,82,1,82,82,'2018-09-08 14:18:41','2018-09-08 14:18:41',71),(984,1,82,1,82,82,'2018-09-08 14:18:41','2018-09-08 14:18:41',71),(985,1,82,1,82,82,'2018-09-08 14:18:44','2018-09-08 14:18:44',71),(986,1,82,1,82,82,'2018-09-08 14:18:45','2018-09-08 14:18:45',71),(987,1,72,1,72,72,'2018-09-08 14:36:49','2018-09-08 14:36:49',67),(988,1,30,1,30,30,'2018-09-08 15:03:47','2018-09-08 15:03:47',49),(989,1,114,1,114,114,'2018-09-08 15:33:57','2018-09-08 15:33:57',69),(990,1,82,1,82,82,'2018-09-08 15:41:10','2018-09-08 15:41:10',64),(991,1,114,1,114,114,'2018-09-08 15:48:21','2018-09-08 15:48:21',71),(992,1,82,1,82,82,'2018-09-08 15:52:49','2018-09-08 15:52:49',54),(993,1,82,1,82,82,'2018-09-08 16:18:20','2018-09-08 16:18:20',54),(994,1,82,1,82,82,'2018-09-08 16:21:23','2018-09-08 16:21:23',54),(995,1,82,1,82,82,'2018-09-08 16:21:24','2018-09-08 16:21:24',54),(996,1,82,1,82,82,'2018-09-08 16:21:24','2018-09-08 16:21:24',54),(997,1,82,1,82,82,'2018-09-08 16:21:25','2018-09-08 16:21:25',54),(998,1,121,1,121,121,'2018-09-08 16:34:36','2018-09-08 16:34:36',71),(999,1,121,1,121,121,'2018-09-08 16:34:37','2018-09-08 16:34:37',71),(1000,1,146,1,146,146,'2018-09-08 17:02:07','2018-09-08 17:02:07',69),(1001,1,133,1,133,133,'2018-09-08 17:11:59','2018-09-08 17:11:59',68),(1002,1,133,1,133,133,'2018-09-08 17:12:30','2018-09-08 17:12:30',68),(1003,1,133,1,133,133,'2018-09-08 17:12:31','2018-09-08 17:12:31',68),(1004,1,133,1,133,133,'2018-09-08 17:13:10','2018-09-08 17:13:10',68),(1005,1,133,1,133,133,'2018-09-08 17:13:10','2018-09-08 17:13:10',68),(1006,1,133,1,133,133,'2018-09-08 17:14:08','2018-09-08 17:14:08',68),(1007,1,133,1,133,133,'2018-09-08 17:14:08','2018-09-08 17:14:08',68),(1008,1,133,1,133,133,'2018-09-08 17:14:18','2018-09-08 17:14:18',70),(1009,1,133,1,133,133,'2018-09-08 17:14:18','2018-09-08 17:14:18',70),(1010,1,146,1,146,146,'2018-09-08 17:50:38','2018-09-08 17:50:38',71),(1011,1,146,1,146,146,'2018-09-08 19:31:58','2018-09-08 19:31:58',54),(1012,1,143,1,143,143,'2018-09-08 22:03:25','2018-09-08 22:03:25',62),(1013,1,46,1,46,46,'2018-09-08 22:05:36','2018-09-08 22:05:36',69),(1014,1,143,1,143,143,'2018-09-08 22:06:21','2018-09-08 22:06:21',64),(1015,1,143,1,143,143,'2018-09-08 22:09:17','2018-09-08 22:09:17',65),(1016,1,143,1,143,143,'2018-09-08 22:14:21','2018-09-08 22:14:21',66),(1017,1,143,1,143,143,'2018-09-08 22:23:57','2018-09-08 22:23:57',69),(1018,1,143,1,143,143,'2018-09-08 22:28:49','2018-09-08 22:28:49',69),(1019,1,143,1,143,143,'2018-09-08 22:28:51','2018-09-08 22:28:51',60),(1020,1,46,1,46,46,'2018-09-08 23:09:13','2018-09-08 23:09:13',71),(1021,1,94,1,94,94,'2018-09-09 03:49:44','2018-09-09 03:49:44',69),(1022,1,63,1,63,63,'2018-09-09 07:58:45','2018-09-09 07:58:45',38),(1023,1,63,1,63,63,'2018-09-09 08:06:09','2018-09-09 08:06:09',47),(1024,1,101,1,101,101,'2018-09-09 08:31:03','2018-09-09 08:31:03',48),(1025,1,63,1,63,63,'2018-09-09 08:51:20','2018-09-09 08:51:20',14),(1026,1,63,1,63,63,'2018-09-09 09:18:10','2018-09-09 09:18:10',15),(1027,1,63,1,63,63,'2018-09-09 09:28:03','2018-09-09 09:28:03',16),(1028,1,63,1,63,63,'2018-09-09 09:33:38','2018-09-09 09:33:38',17),(1029,1,63,1,63,63,'2018-09-09 09:36:16','2018-09-09 09:36:16',18),(1030,1,63,1,63,63,'2018-09-09 09:39:23','2018-09-09 09:39:23',35),(1031,1,63,1,63,63,'2018-09-09 09:41:11','2018-09-09 09:41:11',36),(1032,1,63,1,63,63,'2018-09-09 09:43:52','2018-09-09 09:43:52',37),(1033,1,30,1,30,30,'2018-09-09 10:44:40','2018-09-09 10:44:40',60),(1034,1,35,1,35,35,'2018-09-09 10:49:56','2018-09-09 10:49:56',61),(1035,1,46,1,46,46,'2018-09-09 12:24:29','2018-09-09 12:24:29',71),(1036,1,9,1,9,9,'2018-09-09 12:45:14','2018-09-09 12:45:14',48),(1037,1,46,1,46,46,'2018-09-09 12:47:48','2018-09-09 12:47:48',49),(1038,1,46,1,46,46,'2018-09-09 12:54:11','2018-09-09 12:54:11',48),(1039,1,46,1,46,46,'2018-09-09 13:01:29','2018-09-09 13:01:29',60),(1040,1,46,1,46,46,'2018-09-09 13:02:07','2018-09-09 13:02:07',49),(1041,1,133,1,133,133,'2018-09-09 15:30:39','2018-09-09 15:30:39',48),(1042,1,30,1,30,30,'2018-09-09 15:57:51','2018-09-09 15:57:51',69),(1043,1,30,1,30,30,'2018-09-09 15:58:00','2018-09-09 15:58:00',69),(1044,1,94,1,94,94,'2018-09-09 16:33:49','2018-09-09 16:33:49',38),(1045,1,35,1,35,35,'2018-09-09 16:34:38','2018-09-09 16:34:38',49),(1046,1,35,1,35,35,'2018-09-09 16:34:45','2018-09-09 16:34:45',49),(1047,1,94,1,94,94,'2018-09-09 16:36:24','2018-09-09 16:36:24',47),(1048,1,94,1,94,94,'2018-09-09 17:18:30','2018-09-09 17:18:30',48),(1049,1,118,1,118,118,'2018-09-09 20:11:22','2018-09-09 20:11:22',48),(1050,1,118,1,118,118,'2018-09-09 20:11:24','2018-09-09 20:11:24',48),(1051,1,118,1,118,118,'2018-09-09 20:11:24','2018-09-09 20:11:24',48),(1052,1,118,1,118,118,'2018-09-09 20:11:38','2018-09-09 20:11:38',48),(1053,1,118,1,118,118,'2018-09-09 20:11:38','2018-09-09 20:11:38',48),(1054,1,118,1,118,118,'2018-09-09 20:11:55','2018-09-09 20:11:55',48),(1055,1,118,1,118,118,'2018-09-09 20:11:55','2018-09-09 20:11:55',48),(1056,1,118,1,118,118,'2018-09-09 20:11:55','2018-09-09 20:11:55',48),(1057,1,118,1,118,118,'2018-09-09 20:11:56','2018-09-09 20:11:56',48),(1058,1,118,1,118,118,'2018-09-09 20:12:14','2018-09-09 20:12:14',49),(1059,1,118,1,118,118,'2018-09-09 20:12:31','2018-09-09 20:12:31',49),(1060,1,118,1,118,118,'2018-09-09 20:12:31','2018-09-09 20:12:31',49),(1061,1,118,1,118,118,'2018-09-09 20:12:31','2018-09-09 20:12:31',49),(1062,1,118,1,118,118,'2018-09-09 20:12:34','2018-09-09 20:12:34',49),(1063,1,118,1,118,118,'2018-09-09 20:12:52','2018-09-09 20:12:52',49),(1064,1,118,1,118,118,'2018-09-09 20:12:53','2018-09-09 20:12:53',49),(1065,1,118,1,118,118,'2018-09-09 20:12:53','2018-09-09 20:12:53',49),(1066,1,118,1,118,118,'2018-09-09 20:12:56','2018-09-09 20:12:56',49),(1067,1,118,1,118,118,'2018-09-09 20:12:57','2018-09-09 20:12:57',49),(1068,1,22,1,22,22,'2018-09-10 05:27:55','2018-09-10 05:27:55',69),(1069,1,148,1,148,148,'2018-09-10 09:49:10','2018-09-10 09:49:10',38),(1070,1,148,1,148,148,'2018-09-10 10:01:06','2018-09-10 10:01:06',47),(1071,1,148,1,148,148,'2018-09-10 10:01:27','2018-09-10 10:01:27',47),(1072,1,148,1,148,148,'2018-09-10 10:01:27','2018-09-10 10:01:27',47),(1073,1,12,1,12,12,'2018-09-10 10:03:19','2018-09-10 10:03:19',66),(1074,1,12,1,12,12,'2018-09-10 10:03:47','2018-09-10 10:03:47',66),(1075,1,12,1,12,12,'2018-09-10 10:03:47','2018-09-10 10:03:47',66),(1076,1,12,1,12,12,'2018-09-10 10:03:48','2018-09-10 10:03:48',66),(1077,1,12,1,12,12,'2018-09-10 10:03:49','2018-09-10 10:03:49',66),(1078,1,12,1,12,12,'2018-09-10 10:03:50','2018-09-10 10:03:50',66),(1079,1,12,1,12,12,'2018-09-10 10:03:56','2018-09-10 10:03:56',66),(1080,1,12,1,12,12,'2018-09-10 10:17:49','2018-09-10 10:17:49',51),(1081,1,12,1,12,12,'2018-09-10 10:17:54','2018-09-10 10:17:54',51),(1082,1,142,1,142,142,'2018-09-10 10:38:55','2018-09-10 10:38:55',48),(1083,1,55,1,55,55,'2018-09-10 11:21:38','2018-09-10 11:21:38',48),(1084,1,55,1,55,55,'2018-09-10 11:26:29','2018-09-10 11:26:29',47),(1085,1,30,1,30,30,'2018-09-10 13:28:14','2018-09-10 13:28:14',71),(1086,1,148,1,148,148,'2018-09-10 15:43:30','2018-09-10 15:43:30',48),(1087,1,148,1,148,148,'2018-09-10 15:43:44','2018-09-10 15:43:44',49),(1088,1,148,1,148,148,'2018-09-10 15:43:48','2018-09-10 15:43:48',49),(1089,1,153,1,153,153,'2018-09-10 17:16:23','2018-09-10 17:16:23',62),(1090,1,153,1,153,153,'2018-09-10 17:16:33','2018-09-10 17:16:33',62),(1091,1,153,1,153,153,'2018-09-10 17:16:34','2018-09-10 17:16:34',62),(1092,1,153,1,153,153,'2018-09-10 17:16:35','2018-09-10 17:16:35',62),(1093,1,153,1,153,153,'2018-09-10 17:16:35','2018-09-10 17:16:35',62),(1094,1,153,1,153,153,'2018-09-10 17:16:35','2018-09-10 17:16:35',62),(1095,1,153,1,153,153,'2018-09-10 17:16:48','2018-09-10 17:16:48',63),(1096,1,153,1,153,153,'2018-09-10 17:16:51','2018-09-10 17:16:51',62),(1097,1,153,1,153,153,'2018-09-10 17:20:23','2018-09-10 17:20:23',63),(1098,1,33,1,33,33,'2018-09-10 17:49:54','2018-09-10 17:49:54',62),(1099,1,33,1,33,33,'2018-09-10 17:50:05','2018-09-10 17:50:05',62),(1100,1,153,1,153,153,'2018-09-10 18:04:47','2018-09-10 18:04:47',64),(1101,1,94,1,94,94,'2018-09-10 18:17:06','2018-09-10 18:17:06',71),(1102,1,94,1,94,94,'2018-09-10 18:17:09','2018-09-10 18:17:09',71),(1103,1,94,1,94,94,'2018-09-10 18:17:10','2018-09-10 18:17:10',69),(1104,1,33,1,33,33,'2018-09-10 18:30:29','2018-09-10 18:30:29',63),(1105,1,1,1,1,1,'2018-09-10 18:44:10','2018-09-10 18:44:10',48),(1106,1,1,1,1,1,'2018-09-10 18:44:27','2018-09-10 18:44:27',48),(1107,1,153,1,153,153,'2018-09-10 19:06:31','2018-09-10 19:06:31',48),(1108,1,94,1,94,94,'2018-09-10 19:36:25','2018-09-10 19:36:25',71),(1109,1,101,1,101,101,'2018-09-10 19:38:16','2018-09-10 19:38:16',49),(1110,1,101,1,101,101,'2018-09-10 19:40:31','2018-09-10 19:40:31',49),(1111,1,33,1,33,33,'2018-09-10 19:50:56','2018-09-10 19:50:56',63),(1112,1,33,1,33,33,'2018-09-10 19:51:52','2018-09-10 19:51:52',65),(1113,1,33,1,33,33,'2018-09-10 19:56:11','2018-09-10 19:56:11',64),(1114,1,33,1,33,33,'2018-09-10 20:25:48','2018-09-10 20:25:48',66),(1115,1,33,1,33,33,'2018-09-10 20:25:54','2018-09-10 20:25:54',66);
/*!40000 ALTER TABLE `leccion_usuario` ENABLE KEYS */;
UNLOCK TABLES;

--
-- Table structure for table `log`
--

DROP TABLE IF EXISTS `log`;
/*!40101 SET @saved_cs_client     = @@character_set_client */;
/*!40101 SET character_set_client = utf8 */;
CREATE TABLE `log` (
  `id` int(10) unsigned NOT NULL AUTO_INCREMENT,
  `usuario` varchar(20) COLLATE utf8mb4_unicode_ci DEFAULT NULL,
  `fecha` datetime DEFAULT NULL,
  `descripcion` varchar(191) COLLATE utf8mb4_unicode_ci NOT NULL DEFAULT 'Pago culqi',
  `membresia` varchar(191) COLLATE utf8mb4_unicode_ci DEFAULT NULL,
  `ruta` varchar(191) COLLATE utf8mb4_unicode_ci DEFAULT NULL,
  `created_at` timestamp NULL DEFAULT NULL,
  `updated_at` timestamp NULL DEFAULT NULL,
  PRIMARY KEY (`id`)
) ENGINE=InnoDB AUTO_INCREMENT=11 DEFAULT CHARSET=utf8mb4 COLLATE=utf8mb4_unicode_ci;
/*!40101 SET character_set_client = @saved_cs_client */;

--
-- Dumping data for table `log`
--

LOCK TABLES `log` WRITE;
/*!40000 ALTER TABLE `log` DISABLE KEYS */;
INSERT INTO `log` VALUES (1,'JoseMBit','2018-07-21 16:02:57','No se ha podido registrar el pago en el api','8','url:dashboard/admin/activation','2018-07-21 14:02:57','2018-07-21 14:02:57'),(2,'CREEX CORPORATIVO','2018-08-20 09:53:10','No se ha podido registrar el pago en el api','6','url:dashboard/admin/activation','2018-08-20 07:53:10','2018-08-20 07:53:10'),(3,'CREEX CORPORATIVO','2018-08-20 09:53:57','No se ha podido registrar el pago en el api','6','url:dashboard/admin/activation','2018-08-20 07:53:57','2018-08-20 07:53:57'),(4,'CREEX CORPORATIVO','2018-08-20 10:35:53','No se ha podido registrar el pago en el api','6','url:dashboard/admin/activation','2018-08-20 08:35:53','2018-08-20 08:35:53'),(5,'CREEX CORPORATIVO','2018-08-20 11:47:26','No se ha podido registrar el pago en el api','6','url:dashboard/admin/activation','2018-08-20 09:47:26','2018-08-20 09:47:26'),(6,'Maryh85','2018-09-07 22:52:36','No se encontró el usuario en el api o la peticion respondió con FALSE','1','url:dashboard/invitado/payments/membresia/pago','2018-09-07 20:52:36','2018-09-07 20:52:36'),(7,'Maryhd85','2018-09-08 18:40:23','No se encontró el usuario en el api o la peticion respondió con FALSE','1','url:dashboard/invitado/payments/membresia/pago','2018-09-08 16:40:23','2018-09-08 16:40:23'),(8,'adrianpg','2018-09-10 19:19:00','No se ha podido registrar el pago en el api','6','url:dashboard/admin/activation','2018-09-10 17:19:00','2018-09-10 17:19:00'),(9,'adrianpg','2018-09-10 19:19:33','No se ha podido registrar el pago en el api','6','url:dashboard/admin/activation','2018-09-10 17:19:33','2018-09-10 17:19:33'),(10,'adrianpg','2018-09-10 20:45:46','No se ha podido registrar el pago en el api','6','url:dashboard/admin/activation','2018-09-10 18:45:46','2018-09-10 18:45:46');
/*!40000 ALTER TABLE `log` ENABLE KEYS */;
UNLOCK TABLES;

--
-- Table structure for table `membresia`
--

DROP TABLE IF EXISTS `membresia`;
/*!40101 SET @saved_cs_client     = @@character_set_client */;
/*!40101 SET character_set_client = utf8 */;
CREATE TABLE `membresia` (
  `id` int(10) unsigned NOT NULL AUTO_INCREMENT,
  `name` varchar(191) COLLATE utf8mb4_unicode_ci NOT NULL DEFAULT 'Aprendiz',
  `precio_mes` decimal(10,2) NOT NULL DEFAULT '0.00',
  `precio_anual` decimal(10,2) NOT NULL DEFAULT '0.00',
  `estado` int(11) NOT NULL DEFAULT '0',
  `created_at` timestamp NULL DEFAULT NULL,
  `updated_at` timestamp NULL DEFAULT NULL,
  PRIMARY KEY (`id`)
) ENGINE=InnoDB AUTO_INCREMENT=12 DEFAULT CHARSET=utf8mb4 COLLATE=utf8mb4_unicode_ci;
/*!40101 SET character_set_client = @saved_cs_client */;

--
-- Dumping data for table `membresia`
--

LOCK TABLES `membresia` WRITE;
/*!40000 ALTER TABLE `membresia` DISABLE KEYS */;
INSERT INTO `membresia` VALUES (1,'Aprendiz $',50.00,397.00,1,'2018-07-19 22:00:00','2018-05-13 02:35:56'),(2,'Emprendedor $',50.00,697.00,1,'2018-07-19 22:00:00',NULL),(3,'Inversionista $',50.00,1197.00,1,'2018-07-19 22:00:00',NULL),(4,'Inversionista VIP $',50.00,1997.00,1,'2018-07-13 12:22:49','2018-07-13 12:22:49'),(5,'InversionistA *FINANCIADO*',0.00,0.00,0,'2018-07-17 09:08:40','2018-07-17 09:08:40'),(6,'Aprendiz *FINANCIADO*',0.00,0.00,0,'2018-07-19 22:00:00',NULL),(7,'EmprendedoR *FINANCIADO*',0.00,0.00,0,'2018-07-19 22:00:00',NULL),(8,'Inversionista viP *FINANCIADO*',0.00,0.00,0,'2018-07-19 22:00:00',NULL),(9,'Mensual',50.00,197.00,0,'2018-07-19 22:00:00',NULL),(10,'CreeXiendo',0.00,197.00,1,'2018-07-19 22:00:00',NULL),(11,'CreeXiendO - **Financiado**',0.00,0.00,0,'2018-07-19 22:00:00',NULL);
/*!40000 ALTER TABLE `membresia` ENABLE KEYS */;
UNLOCK TABLES;

--
-- Table structure for table `migrations`
--

DROP TABLE IF EXISTS `migrations`;
/*!40101 SET @saved_cs_client     = @@character_set_client */;
/*!40101 SET character_set_client = utf8 */;
CREATE TABLE `migrations` (
  `id` int(10) unsigned NOT NULL AUTO_INCREMENT,
  `migration` varchar(191) COLLATE utf8mb4_unicode_ci NOT NULL,
  `batch` int(11) NOT NULL,
  PRIMARY KEY (`id`)
) ENGINE=InnoDB AUTO_INCREMENT=29 DEFAULT CHARSET=utf8mb4 COLLATE=utf8mb4_unicode_ci;
/*!40101 SET character_set_client = @saved_cs_client */;

--
-- Dumping data for table `migrations`
--

LOCK TABLES `migrations` WRITE;
/*!40000 ALTER TABLE `migrations` DISABLE KEYS */;
INSERT INTO `migrations` VALUES (1,'2014_10_12_100000_create_password_resets_table',1),(2,'2018_04_13_051412_create_table_edu_categoria',1),(3,'2018_04_13_165157_create_table_curso',1),(4,'2018_04_15_161708_create_table_leccion',1),(5,'2018_04_15_184126_create_table_archivo',1),(6,'2018_04_16_215047_create_table_leccion_usuario',1),(7,'2018_04_17_230802_create_settings_table',1),(8,'2018_04_20_191547_create_table_portafolio',1),(9,'2018_04_20_192137_create_table_monedas',1),(10,'2018_04_21_094217_create_table_operaciones',1),(11,'2018_05_02_214255_create_table_noticias',1),(12,'2018_05_05_200903_create_membresia_table',1),(13,'2018_05_05_223228_create_users_table',1),(14,'2018_05_05_223802_add_providers_to_users_table',1),(15,'2018_05_05_224742_create_signals_table',1),(16,'2018_05_12_120242_create_table_detalle_membresia',1),(17,'2018_05_19_000604_add_prices_to_signals_table',1),(18,'2018_05_22_171803_create_table_pagos',2),(19,'2018_06_19_002623_add_percents_to_signal_table',3),(20,'2018_06_23_225139_add_rangeprice_to_signal_table',3),(21,'2018_07_02_171442_create_coinbase_webhook_calls_table',4),(22,'2018_07_13_110624_add_description_to_pagos_table',4),(23,'2018_07_13_112932_add_datepay_activohasta_to_pagos_table',4),(24,'2018_07_13_163702_add_charge_id_to_pagos_table',5),(25,'2018_07_13_212059_create_cargos_table',6),(26,'2018_07_16_175717_create_table_forex',7),(27,'2018_07_20_184506_create_table_log',8),(28,'2018_07_23_021333_add_origenpago_moneda_financiado_to_pagos_table',9);
/*!40000 ALTER TABLE `migrations` ENABLE KEYS */;
UNLOCK TABLES;

--
-- Table structure for table `mlm_chistorial`
--

DROP TABLE IF EXISTS `mlm_chistorial`;
/*!40101 SET @saved_cs_client     = @@character_set_client */;
/*!40101 SET character_set_client = utf8 */;
CREATE TABLE `mlm_chistorial` (
  `id` int(11) NOT NULL AUTO_INCREMENT,
  `id_usuario` int(11) NOT NULL,
  `us_ref` varchar(255) NOT NULL,
  `monto` float(8,2) NOT NULL,
  `fecha` int(11) NOT NULL,
  `dia` int(11) NOT NULL,
  `mes` int(11) NOT NULL,
  `year` int(11) NOT NULL,
  `semana` int(11) NOT NULL,
  `plan` int(11) NOT NULL,
  `bono` varchar(255) NOT NULL,
  PRIMARY KEY (`id`)
) ENGINE=InnoDB DEFAULT CHARSET=latin1;
/*!40101 SET character_set_client = @saved_cs_client */;

--
-- Dumping data for table `mlm_chistorial`
--

LOCK TABLES `mlm_chistorial` WRITE;
/*!40000 ALTER TABLE `mlm_chistorial` DISABLE KEYS */;
/*!40000 ALTER TABLE `mlm_chistorial` ENABLE KEYS */;
UNLOCK TABLES;

--
-- Table structure for table `mlm_comisiones`
--

DROP TABLE IF EXISTS `mlm_comisiones`;
/*!40101 SET @saved_cs_client     = @@character_set_client */;
/*!40101 SET character_set_client = utf8 */;
CREATE TABLE `mlm_comisiones` (
  `id` int(11) NOT NULL AUTO_INCREMENT,
  `id_usuario` int(11) NOT NULL,
  `detalles` varchar(255) NOT NULL,
  `fecha` int(11) NOT NULL,
  `monto` int(11) NOT NULL,
  `fecha_pago` int(11) NOT NULL,
  `dia` int(11) NOT NULL,
  `mes` int(11) NOT NULL,
  `year` int(11) NOT NULL,
  `semana` int(11) NOT NULL,
  `procesado` int(11) NOT NULL,
  PRIMARY KEY (`id`)
) ENGINE=InnoDB DEFAULT CHARSET=latin1;
/*!40101 SET character_set_client = @saved_cs_client */;

--
-- Dumping data for table `mlm_comisiones`
--

LOCK TABLES `mlm_comisiones` WRITE;
/*!40000 ALTER TABLE `mlm_comisiones` DISABLE KEYS */;
/*!40000 ALTER TABLE `mlm_comisiones` ENABLE KEYS */;
UNLOCK TABLES;

--
-- Table structure for table `mlm_mchistorial`
--

DROP TABLE IF EXISTS `mlm_mchistorial`;
/*!40101 SET @saved_cs_client     = @@character_set_client */;
/*!40101 SET character_set_client = utf8 */;
CREATE TABLE `mlm_mchistorial` (
  `id` int(11) NOT NULL AUTO_INCREMENT,
  `id_usuario` int(11) NOT NULL,
  `monto` float(8,2) NOT NULL,
  `descripcion` varchar(255) NOT NULL,
  `plan` int(11) NOT NULL,
  `fecha` int(11) NOT NULL,
  `dia` int(11) NOT NULL,
  `mes` int(11) NOT NULL,
  `year` int(11) NOT NULL,
  `semana` int(11) NOT NULL,
  `fechaexp` int(11) NOT NULL,
  `fecha_pago` int(11) NOT NULL,
  `id_factura` int(11) NOT NULL,
  PRIMARY KEY (`id`)
) ENGINE=InnoDB DEFAULT CHARSET=latin1;
/*!40101 SET character_set_client = @saved_cs_client */;

--
-- Dumping data for table `mlm_mchistorial`
--

LOCK TABLES `mlm_mchistorial` WRITE;
/*!40000 ALTER TABLE `mlm_mchistorial` DISABLE KEYS */;
/*!40000 ALTER TABLE `mlm_mchistorial` ENABLE KEYS */;
UNLOCK TABLES;

--
-- Table structure for table `mlm_paquetes`
--

DROP TABLE IF EXISTS `mlm_paquetes`;
/*!40101 SET @saved_cs_client     = @@character_set_client */;
/*!40101 SET character_set_client = utf8 */;
CREATE TABLE `mlm_paquetes` (
  `id` int(11) NOT NULL AUTO_INCREMENT,
  `nombre` varchar(255) NOT NULL,
  `descripcion` varchar(255) NOT NULL,
  `precio` float(8,2) NOT NULL,
  `impuesto` float(8,2) NOT NULL,
  `pmin` float(8,2) NOT NULL,
  `moneda` int(11) NOT NULL,
  `duracion` int(11) NOT NULL,
  `tipo` varchar(255) NOT NULL,
  `niveles` varchar(255) NOT NULL,
  PRIMARY KEY (`id`)
) ENGINE=InnoDB AUTO_INCREMENT=4 DEFAULT CHARSET=latin1;
/*!40101 SET character_set_client = @saved_cs_client */;

--
-- Dumping data for table `mlm_paquetes`
--

LOCK TABLES `mlm_paquetes` WRITE;
/*!40000 ALTER TABLE `mlm_paquetes` DISABLE KEYS */;
INSERT INTO `mlm_paquetes` VALUES (1,'Aprendiz','Aprendiz',597.00,0.00,0.00,0,365,'bir','10;5;5'),(2,'Emprendedor','Emprendedor',1097.00,0.00,0.00,0,365,'bir','10;5;5'),(3,'Inversionista','Inversionista',1997.00,0.00,0.00,0,365,'bir','10;10;10');
/*!40000 ALTER TABLE `mlm_paquetes` ENABLE KEYS */;
UNLOCK TABLES;

--
-- Table structure for table `monedas`
--

DROP TABLE IF EXISTS `monedas`;
/*!40101 SET @saved_cs_client     = @@character_set_client */;
/*!40101 SET character_set_client = utf8 */;
CREATE TABLE `monedas` (
  `id` int(10) unsigned NOT NULL AUTO_INCREMENT,
  `moneda` varchar(191) COLLATE utf8mb4_unicode_ci NOT NULL,
  `estado` tinyint(1) NOT NULL DEFAULT '1',
  `usuario_creacion` int(11) NOT NULL,
  `usuario_modificacion` int(11) NOT NULL,
  `created_at` timestamp NULL DEFAULT NULL,
  `updated_at` timestamp NULL DEFAULT NULL,
  `portafolio_id` int(10) unsigned NOT NULL,
  PRIMARY KEY (`id`),
  KEY `monedas_portafolio_id_foreign` (`portafolio_id`),
  CONSTRAINT `monedas_portafolio_id_foreign` FOREIGN KEY (`portafolio_id`) REFERENCES `portafolio` (`id`)
) ENGINE=InnoDB AUTO_INCREMENT=59 DEFAULT CHARSET=utf8mb4 COLLATE=utf8mb4_unicode_ci;
/*!40101 SET character_set_client = @saved_cs_client */;

--
-- Dumping data for table `monedas`
--

LOCK TABLES `monedas` WRITE;
/*!40000 ALTER TABLE `monedas` DISABLE KEYS */;
INSERT INTO `monedas` VALUES (1,'ETH',1,1,1,'2018-07-23 15:30:58','2018-07-23 15:30:58',2),(2,'LTC',0,1,1,'2018-07-23 15:31:06','2018-07-23 15:36:19',2),(3,'NEO',1,1,1,'2018-07-23 15:31:22','2018-07-23 15:31:22',2),(4,'BCH',1,1,1,'2018-07-23 15:31:35','2018-07-23 15:31:35',2),(5,'MANA',1,1,1,'2018-07-23 16:17:43','2018-07-23 16:17:43',2),(6,'ETH',1,1,1,'2018-07-24 22:00:13','2018-07-24 22:00:13',2),(7,'XLM',1,1,1,'2018-07-25 08:58:42','2018-07-25 08:58:42',2),(8,'THC',1,1,1,'2018-07-25 19:49:30','2018-07-25 19:49:30',2),(9,'BCH',1,1,1,'2018-07-27 08:51:55','2018-07-27 08:51:55',2),(10,'XRP',1,1,1,'2018-07-29 10:53:50','2018-07-29 10:53:50',2),(11,'POA',1,1,1,'2018-07-30 22:05:10','2018-07-30 22:05:10',2),(12,'DASH',1,1,1,'2018-07-31 08:38:45','2018-07-31 08:38:45',2),(13,'MANA',1,1,1,'2018-08-01 19:57:55','2018-08-01 19:57:55',2),(14,'LTC',1,1,1,'2018-08-04 09:37:39','2018-08-04 09:37:39',2),(15,'PPT',1,1,1,'2018-08-08 14:59:47','2018-08-08 14:59:47',2),(16,'PPT',0,1,1,'2018-08-08 15:00:55','2018-08-08 17:31:07',2),(17,'PPT',1,1,1,'2018-08-08 17:26:07','2018-08-08 17:26:07',2),(18,'XRP',1,1,1,'2018-08-08 19:41:29','2018-08-08 19:41:29',2),(19,'LTC',1,1,1,'2018-08-08 21:36:38','2018-08-08 21:36:38',2),(20,'BCH',1,42,42,'2018-08-10 05:35:50','2018-08-10 05:35:50',6),(21,'XRP',1,1,1,'2018-08-11 18:36:02','2018-08-11 18:36:02',2),(22,'ETH',1,1,1,'2018-08-12 05:53:48','2018-08-12 05:53:48',2),(23,'LTC',1,1,1,'2018-08-14 12:22:03','2018-08-14 12:22:03',2),(24,'NEO',1,1,1,'2018-08-14 19:12:05','2018-08-14 19:12:05',2),(25,'LTC',1,1,1,'2018-08-15 09:16:48','2018-08-15 09:16:48',2),(26,'XMR',1,1,1,'2018-08-15 21:37:26','2018-08-15 21:37:26',2),(27,'MAN*',0,1,1,'2018-08-16 09:30:18','2018-08-16 09:34:02',2),(28,'THC',1,1,1,'2018-08-16 09:32:27','2018-08-16 09:32:27',2),(29,'VET',1,1,1,'2018-08-16 22:16:28','2018-08-16 22:16:28',2),(30,'MTX',1,1,1,'2018-08-17 08:30:07','2018-08-17 08:30:07',2),(31,'XLM',1,1,1,'2018-08-17 09:54:14','2018-08-17 09:54:14',2),(32,'XRP',1,1,1,'2018-08-17 11:42:13','2018-08-17 11:42:13',2),(33,'DOGE',1,1,1,'2018-08-18 14:29:37','2018-08-18 14:29:37',10),(34,'MANA',1,1,1,'2018-08-20 13:58:10','2018-08-20 13:58:10',2),(35,'LTC',1,1,1,'2018-08-20 15:46:00','2018-08-20 15:46:00',2),(36,'NEO',1,1,1,'2018-08-20 21:04:04','2018-08-20 21:04:04',2),(37,'FTO',0,1,1,'2018-08-21 09:09:15','2018-08-21 09:10:48',2),(38,'BTC',1,24,24,'2018-08-21 18:34:52','2018-08-21 18:34:52',11),(39,'NEO',1,1,1,'2018-08-21 19:17:44','2018-08-21 19:17:44',2),(40,'ADA',1,1,1,'2018-08-22 13:18:21','2018-08-22 13:18:21',2),(41,'XRP',1,1,1,'2018-08-22 14:49:25','2018-08-22 14:49:25',2),(42,'XRP',1,1,1,'2018-08-22 20:03:12','2018-08-22 20:03:12',2),(43,'ADA',0,70,70,'2018-08-22 20:03:42','2018-08-22 20:08:55',14),(44,'TRX',1,70,70,'2018-08-22 20:10:26','2018-08-22 20:10:26',14),(45,'ADA',1,70,70,'2018-08-22 20:12:04','2018-08-22 20:12:04',14),(46,'IOT',1,70,70,'2018-08-22 20:14:25','2018-08-22 20:14:25',14),(47,'NEO',1,70,70,'2018-08-22 20:15:41','2018-08-22 20:15:41',14),(48,'ETH',1,70,70,'2018-08-22 20:19:21','2018-08-22 20:19:21',14),(49,'XMR',1,1,1,'2018-08-24 18:38:04','2018-08-24 18:38:04',2),(50,'BTC',1,74,74,'2018-08-27 09:44:52','2018-08-27 09:44:52',16),(51,'NANO',1,1,1,'2018-08-27 16:24:29','2018-08-27 16:24:29',2),(52,'DASH',1,1,1,'2018-08-28 20:56:04','2018-08-28 20:56:04',2),(53,'BTC',1,120,120,'2018-08-30 06:29:43','2018-08-30 06:29:43',17),(54,'MANA',1,1,1,'2018-08-30 21:35:08','2018-08-30 21:35:08',2),(55,'XRP',1,1,1,'2018-08-31 09:36:55','2018-08-31 09:36:55',2),(56,'XMR',1,1,1,'2018-09-03 18:58:13','2018-09-03 18:58:13',2),(57,'NEO',1,1,1,'2018-09-04 10:42:51','2018-09-04 10:42:51',2),(58,'NEO',1,1,1,'2018-09-05 19:02:49','2018-09-05 19:02:49',2);
/*!40000 ALTER TABLE `monedas` ENABLE KEYS */;
UNLOCK TABLES;

--
-- Table structure for table `noticia`
--

DROP TABLE IF EXISTS `noticia`;
/*!40101 SET @saved_cs_client     = @@character_set_client */;
/*!40101 SET character_set_client = utf8 */;
CREATE TABLE `noticia` (
  `id` int(10) unsigned NOT NULL AUTO_INCREMENT,
  `titulo` varchar(191) COLLATE utf8mb4_unicode_ci NOT NULL,
  `link_es` varchar(191) COLLATE utf8mb4_unicode_ci DEFAULT NULL,
  `link_en` varchar(191) COLLATE utf8mb4_unicode_ci DEFAULT NULL,
  `estado` tinyint(1) NOT NULL DEFAULT '1',
  `tipo` varchar(255) COLLATE utf8mb4_unicode_ci DEFAULT NULL,
  `usuario_creacion` int(11) NOT NULL,
  `usuario_modificacion` int(11) NOT NULL,
  `created_at` timestamp NULL DEFAULT NULL,
  `updated_at` timestamp NULL DEFAULT NULL,
  PRIMARY KEY (`id`)
) ENGINE=InnoDB AUTO_INCREMENT=14 DEFAULT CHARSET=utf8mb4 COLLATE=utf8mb4_unicode_ci;
/*!40101 SET character_set_client = @saved_cs_client */;

--
-- Dumping data for table `noticia`
--

LOCK TABLES `noticia` WRITE;
/*!40000 ALTER TABLE `noticia` DISABLE KEYS */;
INSERT INTO `noticia` VALUES (1,'Cointelegraph','https://es.cointelegraph.com/rss','https://cointelegraph.com/rss',1,'cryptomonedas',1,1,NULL,NULL),(2,'Bitcoin','https://noticias.bitcoin.com/feed/','https://news.bitcoin.com/feed/',1,'cryptomonedas',1,1,NULL,NULL),(3,'CoinStaker','https://www.coinstaker.com/es/feed/','https://www.coinstaker.com/feed/',1,'cryptomonedas',1,1,NULL,NULL),(4,'Bitcoinmagazine',NULL,'https://bitcoinmagazine.com/feed',1,'cryptomonedas',1,1,NULL,NULL),(5,'Newsbtc.com',NULL,'https://www.newsbtc.com/feed/',1,'cryptomonedas',1,1,NULL,NULL),(6,'Cryptocurrencynews.com',NULL,'https://cryptocurrencynews.com/feed/',1,'cryptomonedas',1,1,NULL,NULL),(7,'CCN.com',NULL,'https://www.ccn.com/feed/',1,'cryptomonedas',1,1,NULL,NULL),(8,'CryptoNoticias.com','https://www.criptonoticias.com/feed/','https://cointelegraph.com/rss',1,'cryptomonedas',1,1,NULL,NULL),(9,'ElBitcoin.org','https://elbitcoin.org/feed/',NULL,1,'cryptomonedas',1,1,NULL,NULL),(10,'SobreBitCoin','http://sobrebitcoin.com/feed/',NULL,1,'cryptomonedas',1,1,NULL,NULL),(11,'Daily fx ( todo )','https://rss.dailyfx.com/feeds/espanol','https://rss.dailyfx.com/feeds/all',1,'forex',1,1,NULL,NULL),(12,'investing','https://es.investing.com/rss/news_25.rss','https://www.investing.com/rss/stock_Technical.rss',1,'forex',1,1,NULL,NULL),(13,'Forex factory','https://cdn-rss.forexfactory.net/news/technicalanalysis.xml','https://cdn-rss.forexfactory.net/news/forexindustrynews.xml',1,'forex',1,1,NULL,NULL);
/*!40000 ALTER TABLE `noticia` ENABLE KEYS */;
UNLOCK TABLES;

--
-- Table structure for table `operaciones`
--

DROP TABLE IF EXISTS `operaciones`;
/*!40101 SET @saved_cs_client     = @@character_set_client */;
/*!40101 SET character_set_client = utf8 */;
CREATE TABLE `operaciones` (
  `id` int(10) unsigned NOT NULL AUTO_INCREMENT,
  `cantidad` int(11) DEFAULT NULL,
  `fecha` date DEFAULT NULL,
  `precio` decimal(10,2) DEFAULT NULL,
  `operacion` tinyint(1) NOT NULL DEFAULT '0',
  `moneda` tinyint(1) NOT NULL DEFAULT '0',
  `estado` tinyint(1) NOT NULL DEFAULT '1',
  `usuario_creacion` int(11) NOT NULL,
  `usuario_modificacion` int(11) NOT NULL,
  `created_at` timestamp NULL DEFAULT NULL,
  `updated_at` timestamp NULL DEFAULT NULL,
  `moneda_id` int(10) unsigned NOT NULL,
  PRIMARY KEY (`id`),
  KEY `operaciones_moneda_id_foreign` (`moneda_id`),
  CONSTRAINT `operaciones_moneda_id_foreign` FOREIGN KEY (`moneda_id`) REFERENCES `monedas` (`id`)
) ENGINE=InnoDB AUTO_INCREMENT=110 DEFAULT CHARSET=utf8mb4 COLLATE=utf8mb4_unicode_ci;
/*!40101 SET character_set_client = @saved_cs_client */;

--
-- Dumping data for table `operaciones`
--

LOCK TABLES `operaciones` WRITE;
/*!40000 ALTER TABLE `operaciones` DISABLE KEYS */;
INSERT INTO `operaciones` VALUES (1,0,'2018-04-21',0.00,0,0,1,1,1,'2018-07-23 15:30:58','2018-07-23 15:30:58',1),(3,0,'2018-04-21',0.00,0,0,1,1,1,'2018-07-23 15:31:22','2018-07-23 15:31:22',3),(4,0,'2018-04-21',0.00,0,0,1,1,1,'2018-07-23 15:31:35','2018-07-23 15:31:35',4),(5,30,'2018-07-24',453.93,0,0,1,1,1,'2018-07-23 15:32:59','2018-07-23 15:32:59',1),(7,15,'2018-07-24',32.38,0,0,1,1,1,'2018-07-23 15:35:33','2018-07-23 15:35:33',3),(8,10,'2018-07-24',793.46,0,0,1,1,1,'2018-07-23 15:36:56','2018-07-23 15:36:56',4),(9,0,'2018-04-21',0.00,0,0,1,1,1,'2018-07-23 16:17:43','2018-07-23 16:17:43',5),(10,0,'2018-04-21',0.00,0,0,1,1,1,'2018-07-24 22:00:13','2018-07-24 22:00:13',6),(11,10,'2018-07-25',475.09,0,0,1,1,1,'2018-07-24 22:01:07','2018-07-24 22:01:07',6),(12,6,'2018-07-25',483.40,1,0,1,1,1,'2018-07-24 22:01:51','2018-07-24 22:01:51',6),(13,0,'2018-04-21',0.00,0,0,1,1,1,'2018-07-25 08:58:42','2018-07-25 08:58:42',7),(14,1000,'2018-07-25',0.30,0,0,1,1,1,'2018-07-25 08:59:28','2018-07-25 08:59:28',7),(15,700,'2018-07-25',0.31,1,0,1,1,1,'2018-07-25 09:00:32','2018-07-25 09:00:32',7),(16,0,'2018-04-21',0.00,0,0,1,1,1,'2018-07-25 19:49:30','2018-07-25 19:49:30',8),(17,10000,'2018-07-25',0.07,0,0,1,1,1,'2018-07-25 19:50:16','2018-07-25 19:50:16',8),(18,6000,'2018-07-25',0.08,1,0,1,1,1,'2018-07-25 19:51:17','2018-07-25 19:51:17',8),(19,0,'2018-04-21',0.00,0,0,1,1,1,'2018-07-27 08:51:55','2018-07-27 08:51:55',9),(20,20,'2018-07-27',813.37,0,0,1,1,1,'2018-07-27 08:52:45','2018-07-27 08:52:45',9),(21,13,'2018-07-27',814.37,1,0,1,1,1,'2018-07-27 08:54:00','2018-07-27 08:54:00',9),(22,0,'2018-04-21',0.00,0,0,1,1,1,'2018-07-29 10:53:50','2018-07-29 10:53:50',10),(23,0,'2018-04-21',0.00,0,0,1,1,1,'2018-07-30 22:05:10','2018-07-30 22:05:10',11),(24,10000,'2018-07-31',0.15,0,0,1,1,1,'2018-07-30 22:06:08','2018-07-30 22:06:08',11),(25,7000,'2018-07-31',0.16,1,0,1,1,1,'2018-07-30 22:06:59','2018-07-30 22:06:59',11),(26,0,'2018-04-21',0.00,0,0,1,1,1,'2018-07-31 08:38:45','2018-07-31 08:38:45',12),(27,0,'2018-04-21',0.00,0,0,1,1,1,'2018-08-01 19:57:55','2018-08-01 19:57:55',13),(28,0,'2018-04-21',0.00,0,0,1,1,1,'2018-08-04 09:37:39','2018-08-04 09:37:39',14),(29,0,'2018-04-21',0.00,0,0,1,1,1,'2018-08-08 14:59:47','2018-08-08 14:59:47',15),(30,500,'2018-08-08',4.65,0,0,1,1,1,'2018-08-08 15:00:10','2018-08-08 15:00:10',15),(33,0,'2018-04-21',0.00,0,0,1,1,1,'2018-08-08 17:26:07','2018-08-08 17:26:07',17),(34,1000,'2018-08-08',4.65,0,0,1,1,1,'2018-08-08 17:26:49','2018-08-08 17:26:49',17),(35,700,'2018-08-08',4.79,1,0,1,1,1,'2018-08-08 17:31:34','2018-08-08 17:31:34',17),(36,0,'2018-04-21',0.00,0,0,1,1,1,'2018-08-08 19:41:29','2018-08-08 19:41:29',18),(37,0,'2018-04-21',0.00,0,0,1,1,1,'2018-08-08 21:36:38','2018-08-08 21:36:38',19),(38,50,'2018-08-09',63.44,0,0,1,1,1,'2018-08-08 21:37:45','2018-08-08 21:37:45',19),(39,30,'2018-08-09',67.84,1,0,1,1,1,'2018-08-08 21:38:39','2018-08-08 21:38:39',19),(40,0,'2018-04-21',0.00,0,0,1,42,42,'2018-08-10 05:35:50','2018-08-10 05:35:50',20),(41,10,'2018-08-10',605.09,0,1,1,42,42,'2018-08-10 05:36:59','2018-08-10 05:36:59',20),(42,0,'2018-04-21',0.00,0,0,1,1,1,'2018-08-11 18:36:02','2018-08-11 18:36:02',21),(43,0,'2018-04-21',0.00,0,0,1,1,1,'2018-08-12 05:53:48','2018-08-12 05:53:48',22),(44,0,'2018-04-21',0.00,0,0,1,1,1,'2018-08-14 12:22:03','2018-08-14 12:22:03',23),(45,0,'2018-04-21',0.00,0,0,1,1,1,'2018-08-14 19:12:05','2018-08-14 19:12:05',24),(46,100,'2018-08-14',16.75,0,0,1,1,1,'2018-08-14 19:12:45','2018-08-14 19:12:45',24),(47,0,'2018-04-21',0.00,0,0,1,1,1,'2018-08-15 09:16:48','2018-08-15 09:16:48',25),(48,0,'2018-04-21',0.00,0,0,1,1,1,'2018-08-15 21:37:26','2018-08-15 21:37:26',26),(49,100,'2018-08-16',90.33,0,0,1,1,1,'2018-08-15 21:38:30','2018-08-15 21:38:30',26),(50,70,'2018-08-16',90.40,1,0,1,1,1,'2018-08-15 21:40:08','2018-08-15 21:40:08',26),(53,0,'2018-04-21',0.00,0,0,1,1,1,'2018-08-16 09:32:27','2018-08-16 09:32:27',28),(54,40000,'2018-08-16',0.03,0,0,1,1,1,'2018-08-16 09:33:06','2018-08-16 09:33:06',28),(55,0,'2018-04-21',0.00,0,0,1,1,1,'2018-08-16 22:16:28','2018-08-16 22:16:28',29),(56,1000,'2018-08-17',0.01,0,0,1,1,1,'2018-08-16 22:17:14','2018-08-16 22:17:14',29),(57,0,'2018-04-21',0.00,0,0,1,1,1,'2018-08-17 08:30:07','2018-08-17 08:30:07',30),(58,100000,'2018-08-17',0.09,0,0,1,1,1,'2018-08-17 08:32:10','2018-08-17 08:32:10',30),(59,0,'2018-04-21',0.00,0,0,1,1,1,'2018-08-17 09:54:14','2018-08-17 09:54:14',31),(60,0,'2018-04-21',0.00,0,0,1,1,1,'2018-08-17 11:42:13','2018-08-17 11:42:13',32),(61,1000,'2018-08-17',0.32,0,0,1,1,1,'2018-08-17 11:42:56','2018-08-17 11:42:56',32),(62,600,'2018-08-17',0.35,1,0,1,1,1,'2018-08-17 11:43:45','2018-08-17 11:43:45',32),(63,0,'2018-04-21',0.00,0,0,1,1,1,'2018-08-18 14:29:37','2018-08-18 14:29:37',33),(64,100000,'2018-08-18',0.00,0,0,1,1,1,'2018-08-18 14:31:32','2018-08-18 14:31:32',33),(65,0,'2018-04-21',0.00,0,0,1,1,1,'2018-08-20 13:58:10','2018-08-20 13:58:10',34),(66,10000,'2018-08-20',0.07,0,0,1,1,1,'2018-08-20 13:58:54','2018-08-20 13:58:54',34),(67,6000,'2018-08-20',0.08,1,0,1,1,1,'2018-08-20 13:59:54','2018-08-20 13:59:54',34),(68,0,'2018-04-21',0.00,0,0,1,1,1,'2018-08-20 15:46:00','2018-08-20 15:46:00',35),(69,0,'2018-04-21',0.00,0,0,1,1,1,'2018-08-20 21:04:04','2018-08-20 21:04:04',36),(70,100,'2018-08-21',17.55,0,0,1,1,1,'2018-08-20 21:05:04','2018-08-20 21:05:04',36),(71,70,'2018-08-21',18.19,1,0,1,1,1,'2018-08-20 21:05:51','2018-08-20 21:05:51',36),(74,0,'2018-04-21',0.00,0,0,1,24,24,'2018-08-21 18:34:52','2018-08-21 18:34:52',38),(75,0,'2018-04-21',0.00,0,0,1,1,1,'2018-08-21 19:17:44','2018-08-21 19:17:44',39),(76,100,'2018-08-21',18.74,0,0,1,1,1,'2018-08-21 19:18:40','2018-08-21 19:18:40',39),(77,0,'2018-04-21',0.00,0,0,1,1,1,'2018-08-22 13:18:21','2018-08-22 13:18:21',40),(78,0,'2018-04-21',0.00,0,0,1,1,1,'2018-08-22 14:49:25','2018-08-22 14:49:25',41),(79,0,'2018-04-21',0.00,0,0,1,1,1,'2018-08-22 20:03:12','2018-08-22 20:03:12',42),(83,0,'2018-04-21',0.00,0,0,1,70,70,'2018-08-22 20:10:26','2018-08-22 20:10:26',44),(84,6000,'2018-05-05',0.06,0,0,1,70,70,'2018-08-22 20:10:58','2018-08-22 20:10:58',44),(85,4940,'2018-07-03',0.02,0,0,1,70,70,'2018-08-22 20:11:36','2018-08-22 20:11:36',44),(86,0,'2018-04-21',0.00,0,0,1,70,70,'2018-08-22 20:12:04','2018-08-22 20:12:04',45),(87,1500,'2018-05-07',0.22,0,0,1,70,70,'2018-08-22 20:12:49','2018-08-22 20:12:49',45),(88,0,'2018-04-21',0.00,0,0,1,70,70,'2018-08-22 20:14:25','2018-08-22 20:14:25',46),(89,259,'2017-12-13',3.85,0,1,1,70,70,'2018-08-22 20:15:16','2018-08-22 20:15:16',46),(90,0,'2018-04-21',0.00,0,0,1,70,70,'2018-08-22 20:15:41','2018-08-22 20:15:41',47),(91,5,'2018-12-01',89.88,0,0,1,70,70,'2018-08-22 20:16:32','2018-08-22 20:16:32',47),(92,2,'2018-02-09',85.45,0,0,1,70,70,'2018-08-22 20:18:59','2018-08-22 20:18:59',47),(93,0,'2018-04-21',0.00,0,0,1,70,70,'2018-08-22 20:19:21','2018-08-22 20:19:21',48),(94,0,'2018-04-21',0.00,0,0,1,1,1,'2018-08-24 18:38:04','2018-08-24 18:38:04',49),(95,0,'2018-04-21',0.00,0,0,1,74,74,'2018-08-27 09:44:52','2018-08-27 09:44:52',50),(96,0,'2018-04-21',0.00,0,0,1,1,1,'2018-08-27 16:24:29','2018-08-27 16:24:29',51),(97,1000,'2018-08-27',3.03,0,0,1,1,1,'2018-08-27 16:25:26','2018-08-27 16:25:26',51),(98,0,'2018-04-21',0.00,0,0,1,1,1,'2018-08-28 20:56:04','2018-08-28 20:56:04',52),(99,50,'2018-08-29',189.52,0,0,1,1,1,'2018-08-28 20:57:03','2018-08-28 20:57:03',52),(100,0,'2018-04-21',0.00,0,0,1,120,120,'2018-08-30 06:29:43','2018-08-30 06:29:43',53),(101,1,'2018-08-30',46623602.96,0,0,1,120,120,'2018-08-30 06:30:36','2018-08-30 06:30:36',53),(102,0,'2018-04-21',0.00,0,0,1,1,1,'2018-08-30 21:35:08','2018-08-30 21:35:08',54),(103,1000,'2018-08-31',0.08,0,0,1,1,1,'2018-08-30 21:36:58','2018-08-30 21:36:58',54),(104,800,'2018-08-31',0.08,1,0,1,1,1,'2018-08-30 21:38:10','2018-08-30 21:38:10',54),(105,0,'2018-04-21',0.00,0,0,1,1,1,'2018-08-31 09:36:55','2018-08-31 09:36:55',55),(106,0,'2018-04-21',0.00,0,0,1,1,1,'2018-09-03 18:58:13','2018-09-03 18:58:13',56),(107,0,'2018-04-21',0.00,0,0,1,1,1,'2018-09-04 10:42:51','2018-09-04 10:42:51',57),(108,0,'2018-04-21',0.00,0,0,1,1,1,'2018-09-05 19:02:49','2018-09-05 19:02:49',58),(109,100,'2018-09-05',19.49,0,0,1,1,1,'2018-09-05 19:03:39','2018-09-05 19:03:39',58);
/*!40000 ALTER TABLE `operaciones` ENABLE KEYS */;
UNLOCK TABLES;

--
-- Table structure for table `pagos`
--

DROP TABLE IF EXISTS `pagos`;
/*!40101 SET @saved_cs_client     = @@character_set_client */;
/*!40101 SET character_set_client = utf8 */;
CREATE TABLE `pagos` (
  `id` int(10) unsigned NOT NULL AUTO_INCREMENT,
  `membresia_id` int(10) unsigned NOT NULL,
  `user_id` int(10) unsigned NOT NULL,
  `monto` decimal(10,2) NOT NULL,
  `estado` int(11) NOT NULL,
  `created_at` timestamp NULL DEFAULT NULL,
  `updated_at` timestamp NULL DEFAULT NULL,
  `description` varchar(191) COLLATE utf8mb4_unicode_ci DEFAULT NULL,
  `tipo_membresia` varchar(191) COLLATE utf8mb4_unicode_ci DEFAULT NULL,
  `fecha_pago` varchar(191) COLLATE utf8mb4_unicode_ci DEFAULT NULL,
  `fecha_activo_hasta` varchar(191) COLLATE utf8mb4_unicode_ci DEFAULT NULL,
  `chargeId` varchar(191) COLLATE utf8mb4_unicode_ci DEFAULT NULL,
  `origen_pago` varchar(191) COLLATE utf8mb4_unicode_ci DEFAULT NULL,
  `moneda` varchar(191) COLLATE utf8mb4_unicode_ci DEFAULT NULL,
  `financiado` varchar(191) COLLATE utf8mb4_unicode_ci DEFAULT NULL,
  PRIMARY KEY (`id`),
  KEY `pagos_membresia_id_foreign` (`membresia_id`),
  KEY `pagos_user_id_foreign` (`user_id`),
  CONSTRAINT `pagos_membresia_id_foreign` FOREIGN KEY (`membresia_id`) REFERENCES `membresia` (`id`),
  CONSTRAINT `pagos_user_id_foreign` FOREIGN KEY (`user_id`) REFERENCES `users` (`id`)
) ENGINE=InnoDB AUTO_INCREMENT=89 DEFAULT CHARSET=utf8mb4 COLLATE=utf8mb4_unicode_ci;
/*!40101 SET character_set_client = @saved_cs_client */;

--
-- Dumping data for table `pagos`
--

LOCK TABLES `pagos` WRITE;
/*!40000 ALTER TABLE `pagos` DISABLE KEYS */;
INSERT INTO `pagos` VALUES (1,8,18,0.00,1,'2018-07-21 14:41:24','2018-07-21 14:41:24','Aprobado por el admin - 50% Financiado',NULL,NULL,NULL,NULL,NULL,NULL,NULL),(2,7,33,0.00,1,'2018-07-21 14:47:13','2018-07-21 14:47:13','Asesor',NULL,NULL,NULL,NULL,NULL,NULL,NULL),(3,5,36,10.00,1,'2018-07-21 14:54:26','2018-07-21 14:54:26','Aprobado por Admin',NULL,NULL,NULL,NULL,NULL,NULL,NULL),(4,8,12,0.00,1,'2018-07-21 15:04:16','2018-07-21 15:04:16','Aprobado por ADMIN',NULL,NULL,NULL,NULL,NULL,NULL,NULL),(5,1,39,397.00,1,'2018-07-22 22:16:38','2018-07-22 22:16:38','Semestral','1','2018-07-23 05:37:32','2019-01-22 05:37:32','93NJPXVV',NULL,NULL,NULL),(6,1,4,397.00,0,'2018-07-23 02:41:17','2018-07-23 02:41:17','Pago con CoinBase','1',NULL,NULL,'DAC48TPN','Coinbase','','0'),(7,8,40,0.00,1,'2018-07-26 12:59:07','2018-07-26 12:59:07','Alianza con Dante de Neurolab no pagara por intercambio de estudio y servicios',NULL,NULL,NULL,NULL,NULL,NULL,NULL),(8,8,42,0.00,1,'2018-07-27 09:41:03','2018-07-27 09:41:03','Paga $ 697',NULL,NULL,NULL,NULL,NULL,NULL,NULL),(9,3,43,1197.00,1,'2018-07-27 16:19:25','2018-07-27 16:19:25','Pago a traves de culqi',NULL,NULL,NULL,NULL,NULL,NULL,NULL),(10,1,44,397.00,1,'2018-07-27 17:37:59','2018-07-27 17:37:59','Pago a traves de culqi',NULL,NULL,NULL,NULL,NULL,NULL,NULL),(11,2,45,697.00,1,'2018-07-30 11:43:02','2018-07-30 11:43:02','Pago a traves de culqi',NULL,NULL,NULL,NULL,NULL,NULL,NULL),(12,1,46,397.00,1,'2018-07-30 12:38:46','2018-07-30 12:38:46','Pago a traves de culqi',NULL,NULL,NULL,NULL,NULL,NULL,NULL),(13,1,48,397.00,1,'2018-07-30 16:35:47','2018-07-30 16:35:47','Pago a traves de culqi',NULL,NULL,NULL,NULL,NULL,NULL,NULL),(14,1,50,397.00,1,'2018-07-31 20:59:15','2018-07-31 20:59:15','Pago a traves de culqi',NULL,NULL,NULL,NULL,NULL,NULL,NULL),(15,1,51,397.00,0,'2018-08-01 08:20:41','2018-08-01 08:20:41','Pago con CoinBase','1',NULL,NULL,'97BYHEE7','Coinbase','','0'),(16,1,52,397.00,1,'2018-08-01 13:00:39','2018-08-01 13:00:39','Pago a traves de culqi',NULL,NULL,NULL,NULL,NULL,NULL,NULL),(17,1,53,397.00,1,'2018-08-01 17:14:22','2018-08-01 17:14:22','Pago a traves de culqi',NULL,NULL,NULL,NULL,NULL,NULL,NULL),(18,1,54,397.00,0,'2018-08-01 21:42:01','2018-08-01 21:42:01','Pago con CoinBase','1',NULL,NULL,'P27XQQ7T','Coinbase','','0'),(19,1,55,397.00,1,'2018-08-02 20:36:44','2018-08-02 20:36:44','Pago a traves de culqi',NULL,NULL,NULL,NULL,NULL,NULL,NULL),(20,1,56,397.00,1,'2018-08-03 22:14:54','2018-08-03 22:14:54','Pago a traves de culqi',NULL,NULL,NULL,NULL,NULL,NULL,NULL),(21,1,59,397.00,0,'2018-08-06 21:33:38','2018-08-06 21:33:38','Pago con CoinBase','1',NULL,NULL,NULL,'Coinbase','','0'),(22,1,60,397.00,1,'2018-08-08 16:33:19','2018-08-08 16:33:19','Pago a traves de culqi',NULL,NULL,NULL,NULL,NULL,NULL,NULL),(23,1,63,436.70,1,'2018-08-09 20:46:42','2018-08-09 20:46:42','Pago a traves de culqi',NULL,NULL,NULL,NULL,NULL,NULL,NULL),(24,1,67,397.00,0,'2018-08-11 22:08:58','2018-08-11 22:08:58','Pago con CoinBase','1',NULL,NULL,'LHFZARVK','Coinbase','','0'),(25,2,2,697.00,0,'2018-08-12 05:50:08','2018-08-12 05:50:08','Pago con CoinBase','1',NULL,NULL,NULL,'Coinbase','','0'),(26,5,69,0.00,1,'2018-08-13 16:23:44','2018-08-13 16:23:44','Activación por Esteban',NULL,NULL,NULL,NULL,NULL,NULL,NULL),(27,1,70,397.00,1,'2018-08-13 19:33:04','2018-08-13 19:33:04','Pago con CoinBase','1','2018-08-14 02:55:45','2019-02-13 02:55:45','X4XVEQJV','Coinbase','bitcoin','0'),(28,5,71,0.00,1,'2018-08-13 20:58:44','2018-08-13 20:58:44','Gustavo, es el Embajador Colombia, no pagará',NULL,NULL,NULL,NULL,NULL,NULL,NULL),(29,3,4,1197.00,0,'2018-08-13 21:29:06','2018-08-13 21:29:06','Pago con CoinBase','1',NULL,NULL,'T7VHWXRY','Coinbase','','0'),(30,6,73,0.00,1,'2018-08-14 14:04:53','2018-08-14 14:04:53','uno de Gustavo obsequiado',NULL,NULL,NULL,NULL,NULL,NULL,NULL),(31,6,74,0.00,1,'2018-08-14 15:48:49','2018-08-14 15:48:49','van 2 de Gustavo',NULL,NULL,NULL,NULL,NULL,NULL,NULL),(32,1,75,436.70,1,'2018-08-14 17:23:57','2018-08-14 17:23:57','Pago a traves de culqi',NULL,NULL,NULL,NULL,NULL,NULL,NULL),(33,5,77,0.00,1,'2018-08-14 22:41:30','2018-08-14 22:41:30','NUEVA CUENTA AUTORIZADA POR ESTEBAN',NULL,NULL,NULL,NULL,NULL,NULL,NULL),(34,5,78,0.00,1,'2018-08-14 22:52:51','2018-08-14 22:52:51','Activación por esteban',NULL,NULL,NULL,NULL,NULL,NULL,NULL),(35,1,82,436.70,1,'2018-08-17 07:17:20','2018-08-17 07:17:20','Pago a traves de culqi',NULL,NULL,NULL,NULL,NULL,NULL,NULL),(36,1,84,397.00,0,'2018-08-18 10:09:57','2018-08-18 10:09:57','Pago con CoinBase','1',NULL,NULL,'RRRZRCXE','Coinbase','','0'),(37,6,85,0.00,1,'2018-08-20 16:04:05','2018-08-20 16:04:05','map a Jaime',NULL,NULL,NULL,NULL,NULL,NULL,NULL),(38,2,86,697.00,0,'2018-08-20 16:57:42','2018-08-20 16:57:42','Pago con CoinBase','1',NULL,NULL,NULL,'Coinbase','','0'),(39,7,86,0.00,1,'2018-08-20 17:24:55','2018-08-20 17:24:55','David',NULL,NULL,NULL,NULL,NULL,NULL,NULL),(40,8,87,0.00,1,'2018-08-20 17:33:29','2018-08-20 17:33:29','Cuenta demo a Batglia',NULL,NULL,NULL,NULL,NULL,NULL,NULL),(41,6,83,0.00,1,'2018-08-20 17:55:28','2018-08-20 17:55:28','Gus y Ale!',NULL,NULL,NULL,NULL,NULL,NULL,NULL),(42,4,89,1997.00,0,'2018-08-20 22:19:57','2018-08-20 22:19:57','Pago con CoinBase','1',NULL,NULL,NULL,'Coinbase','','0'),(43,1,90,436.70,1,'2018-08-21 14:09:24','2018-08-21 14:09:24','Pago a traves de culqi',NULL,NULL,NULL,NULL,NULL,NULL,NULL),(44,8,91,0.00,1,'2018-08-21 16:16:47','2018-08-21 16:16:47','Fernando pago $ 1000 y GC la diferencia.',NULL,NULL,NULL,NULL,NULL,NULL,NULL),(45,1,72,397.00,0,'2018-08-21 17:50:50','2018-08-21 17:50:50','Pago con CoinBase','1',NULL,NULL,NULL,'Coinbase','','0'),(46,5,92,0.00,1,'2018-08-21 22:33:27','2018-08-21 22:33:27','Activación del 22 por esteban',NULL,NULL,NULL,NULL,NULL,NULL,NULL),(47,5,93,0.00,1,'2018-08-21 22:47:24','2018-08-21 22:47:24','activado por esteban',NULL,NULL,NULL,NULL,NULL,NULL,NULL),(48,5,72,0.00,1,'2018-08-22 12:33:58','2018-08-22 12:33:58','Activación por Juan Ramón 14:33 del 2208',NULL,NULL,NULL,NULL,NULL,NULL,NULL),(49,6,94,0.00,1,'2018-08-22 21:13:43','2018-08-22 21:13:43','Jhonatan',NULL,NULL,NULL,NULL,NULL,NULL,NULL),(50,7,96,0.00,1,'2018-08-24 11:09:27','2018-08-24 11:09:27','Gaby de Peru',NULL,NULL,NULL,NULL,NULL,NULL,NULL),(51,6,98,0.00,1,'2018-08-25 07:20:15','2018-08-25 07:20:15','Activado por Esteban',NULL,NULL,NULL,NULL,NULL,NULL,NULL),(52,6,95,0.00,1,'2018-08-25 08:14:57','2018-08-25 08:14:57','Activado por Esteban 10:14',NULL,NULL,NULL,NULL,NULL,NULL,NULL),(53,6,97,0.00,1,'2018-08-27 15:27:40','2018-08-27 15:27:40','Activación por Esteban aprobado por Juan Ramon',NULL,NULL,NULL,NULL,NULL,NULL,NULL),(54,7,99,0.00,1,'2018-08-27 19:36:09','2018-08-27 19:36:09','Solicitud de Juan Ramon',NULL,NULL,NULL,NULL,NULL,NULL,NULL),(55,7,100,0.00,1,'2018-08-27 19:39:20','2018-08-27 19:39:20','Activación por Juan Ramon',NULL,NULL,NULL,NULL,NULL,NULL,NULL),(56,7,101,0.00,1,'2018-08-27 19:39:59','2018-08-27 19:39:59','Activado por Juan Ramon',NULL,NULL,NULL,NULL,NULL,NULL,NULL),(57,6,107,0.00,1,'2018-08-27 21:21:28','2018-08-27 21:21:28','Activación por Juan Ramon',NULL,NULL,NULL,NULL,NULL,NULL,NULL),(58,4,113,1997.00,1,'2018-08-28 13:27:21','2018-08-28 13:27:21','Pago con CoinBase','1','2018-08-28 20:39:53','2019-02-27 20:39:53','3PWJY9B9','Coinbase','bitcoincash','0'),(59,10,115,197.00,0,'2018-08-28 15:01:19','2018-08-28 15:01:19','Pago con CoinBase','1',NULL,NULL,'6P2YFTX9','Coinbase','','0'),(60,6,114,0.00,1,'2018-08-28 15:23:03','2018-08-28 15:23:03','Gustavo',NULL,NULL,NULL,NULL,NULL,NULL,NULL),(61,10,116,197.00,1,'2018-08-28 21:21:04','2018-08-28 21:21:04','Pago con CoinBase','1','2018-08-29 04:29:44','2019-02-28 04:29:44','ZTW68BTH','Coinbase','bitcoin','0'),(62,10,115,197.00,1,'2018-08-28 22:17:18','2018-08-28 22:17:18','Coinbase 6P2YFTX9',NULL,NULL,NULL,NULL,NULL,NULL,NULL),(63,7,117,0.00,1,'2018-08-29 16:20:27','2018-08-29 16:20:27','Denis',NULL,NULL,NULL,NULL,NULL,NULL,NULL),(64,10,118,216.70,1,'2018-08-29 17:10:19','2018-08-29 17:10:19','Pago a traves de culqi',NULL,NULL,NULL,NULL,NULL,NULL,NULL),(65,4,120,1997.00,0,'2018-08-30 06:24:18','2018-08-30 06:24:18','Pago con CoinBase','1',NULL,NULL,NULL,'Coinbase','','0'),(66,8,120,0.00,1,'2018-08-30 06:25:16','2018-08-30 06:25:16','Alejandro socio',NULL,NULL,NULL,NULL,NULL,NULL,NULL),(67,10,121,216.70,1,'2018-08-30 09:22:08','2018-08-30 09:22:08','Pago a traves de culqi',NULL,NULL,NULL,NULL,NULL,NULL,NULL),(68,8,123,0.00,1,'2018-08-30 14:49:49','2018-08-30 14:49:49','Paga el miércoles 5 de septiembre',NULL,NULL,NULL,NULL,NULL,NULL,NULL),(69,6,125,0.00,1,'2018-08-31 12:14:23','2018-08-31 12:14:23','Esteban',NULL,NULL,NULL,NULL,NULL,NULL,NULL),(70,6,129,0.00,1,'2018-09-01 07:04:04','2018-09-01 07:04:04','tele mkt',NULL,NULL,NULL,NULL,NULL,NULL,NULL),(71,1,134,397.00,0,'2018-09-02 15:31:23','2018-09-02 15:31:23','Pago con CoinBase','1',NULL,NULL,NULL,'Coinbase','','0'),(72,1,134,436.70,1,'2018-09-02 15:33:11','2018-09-02 15:33:11','Pago a traves de culqi',NULL,NULL,NULL,NULL,NULL,NULL,NULL),(73,8,136,0.00,1,'2018-09-03 08:43:11','2018-09-03 08:43:11','Juan Carlos Sanchez aLIANZA',NULL,NULL,NULL,NULL,NULL,NULL,NULL),(74,6,133,0.00,1,'2018-09-03 12:29:21','2018-09-03 12:29:21','Paga viernes',NULL,NULL,NULL,NULL,NULL,NULL,NULL),(75,1,139,397.00,1,'2018-09-03 15:10:45','2018-09-03 15:10:45','Pago con CoinBase','1','2018-09-03 22:55:58','2019-03-05 22:55:58','2TJLKXQ8','Coinbase','bitcoin','0'),(76,10,67,197.00,1,'2018-09-03 19:52:24','2018-09-03 19:52:24','Pago con CoinBase','1','2018-09-04 16:10:00','2019-03-06 16:10:00','ZXM86ZFR','Coinbase','bitcoin','0'),(77,5,141,0.00,1,'2018-09-04 09:04:30','2018-09-04 09:04:30','Luciano',NULL,NULL,NULL,NULL,NULL,NULL,NULL),(78,10,142,216.70,1,'2018-09-04 20:26:39','2018-09-04 20:26:39','Pago a traves de culqi',NULL,NULL,NULL,NULL,NULL,NULL,NULL),(79,1,144,397.00,0,'2018-09-04 22:04:01','2018-09-04 22:04:01','Pago con CoinBase','1',NULL,NULL,NULL,'Coinbase','','0'),(80,10,144,197.00,1,'2018-09-04 22:06:10','2018-09-04 22:06:10','Pago con CoinBase','1','2018-09-05 05:41:17','2019-03-07 05:41:17','8VH4H2PN','Coinbase','bitcoin','0'),(81,10,143,216.70,1,'2018-09-05 08:57:49','2018-09-05 08:57:49','Pago a traves de culqi',NULL,NULL,NULL,NULL,NULL,NULL,NULL),(82,3,145,1197.00,0,'2018-09-06 08:20:01','2018-09-06 08:20:01','Pago con CoinBase','1',NULL,NULL,NULL,'Coinbase','','0'),(83,4,145,1997.00,0,'2018-09-06 08:20:19','2018-09-06 08:20:19','Pago con CoinBase','1',NULL,NULL,NULL,'Coinbase','','0'),(84,10,146,216.70,1,'2018-09-06 20:46:00','2018-09-06 20:46:00','Pago a traves de culqi',NULL,NULL,NULL,NULL,NULL,NULL,NULL),(85,10,148,197.00,1,'2018-09-07 09:36:19','2018-09-07 09:36:19','Activación de pago enviada por Juan Ramón',NULL,NULL,NULL,NULL,NULL,NULL,NULL),(86,8,147,0.00,1,'2018-09-07 15:32:37','2018-09-07 15:32:37','Juan Jose, debe facturar minimo $ 4000 de lo contrario pagara su cuenta, responsable Esteban',NULL,NULL,NULL,NULL,NULL,NULL,NULL),(87,10,153,197.00,1,'2018-09-10 05:48:07','2018-09-10 05:48:07','Pago con CoinBase','1','2018-09-10 15:03:42','2019-03-12 15:03:42','W5KEZZ5V','Coinbase','bitcoin','0'),(88,3,155,1197.00,0,'2018-09-10 15:17:41','2018-09-10 15:17:41','Pago con CoinBase','1',NULL,NULL,NULL,'Coinbase','','0');
/*!40000 ALTER TABLE `pagos` ENABLE KEYS */;
UNLOCK TABLES;

--
-- Table structure for table `password_resets`
--

DROP TABLE IF EXISTS `password_resets`;
/*!40101 SET @saved_cs_client     = @@character_set_client */;
/*!40101 SET character_set_client = utf8 */;
CREATE TABLE `password_resets` (
  `email` varchar(191) COLLATE utf8mb4_unicode_ci NOT NULL,
  `token` varchar(191) COLLATE utf8mb4_unicode_ci NOT NULL,
  `created_at` timestamp NULL DEFAULT NULL,
  KEY `password_resets_email_index` (`email`)
) ENGINE=InnoDB DEFAULT CHARSET=utf8mb4 COLLATE=utf8mb4_unicode_ci;
/*!40101 SET character_set_client = @saved_cs_client */;

--
-- Dumping data for table `password_resets`
--

LOCK TABLES `password_resets` WRITE;
/*!40000 ALTER TABLE `password_resets` DISABLE KEYS */;
INSERT INTO `password_resets` VALUES ('sanchez.ssg67@gmail.com','$2y$10$Dz298eWkcUgqMJ0FYwa8LOGlregCcf7QwQawILRlCOUPY6Rx8ZwGK','2018-07-17 10:36:54'),('calberto_123@hotmail.com','$2y$10$H8vDl9ZGOki7tOIOmr2MOOvvE5QBeKC6n3.mEr3Jy9r1xSDDUHgMS','2018-07-28 21:56:50'),('logisticacomercialcr@gmail.com','$2y$10$hXO3WRCKItyqqqrlBZp6IeyRlpmT.exwQofpHtt6X6ZMt4dMtMsiC','2018-08-01 06:44:43'),('gutileo@me.com','$2y$10$fAYUz3ZT3BHeVIgFAYgtzu1A0/alPdmWNkGUMDDKIMXSm500h0ZdO','2018-08-02 11:40:06'),('Francisco@fsc.com.do','$2y$10$Z9DvaJjnRJhwvPRnKkcMLejCxvoSz3fqNiVXAGT.RsYxVEl9ZtdfK','2018-08-02 19:26:04'),('sebas.persant@gmail.com','$2y$10$J7oQeVqvGeRaUynPgBdAAe1p8aNyKJ7u.Md/i6gcKenHxNOoiFVBC','2018-08-03 14:06:48'),('administracion@grupocreex.com','$2y$10$8mhq9479jEWebpN.QLbHyugsfjUUHVEE2YeTMXwQf0aBxADKVS33S','2018-08-06 20:13:03'),('davismimofajardo@gmail.com','$2y$10$a2DckrLo.rYlEXzrujRhk.2EtCiDNs24CCNcj.5zBaqs01ekw/Uxi','2018-08-08 19:54:03'),('mmdiegof28@gmail.com','$2y$10$t1F2e7MI42CbUg7N3jwYa.vcOkzJtmpOdYegC7PwVzGwXPBJfH9W.','2018-08-25 16:21:52'),('programacion@grupocreex.com','$2y$10$YRGdC7tBiICKWVGsJvdgVOdZRgY1Z7u8dECmvW3suMiXSQBxsb4.u','2018-09-03 14:28:47'),('az09pabloc@gmail.com','$2y$10$odbq2NUn42qfccW.8UDKcOo5mQR1mtghy8TQrJZoDvM305Hr3owDW','2018-09-04 10:27:15'),('PauloChavez02@hotmail.com','$2y$10$cBZObwvl76o98yj.OQRSDeuokSkb4Iem8NTmyBz65n.lZjC8.TbdG','2018-09-04 13:38:15');
/*!40000 ALTER TABLE `password_resets` ENABLE KEYS */;
UNLOCK TABLES;

--
-- Table structure for table `portafolio`
--

DROP TABLE IF EXISTS `portafolio`;
/*!40101 SET @saved_cs_client     = @@character_set_client */;
/*!40101 SET character_set_client = utf8 */;
CREATE TABLE `portafolio` (
  `id` int(10) unsigned NOT NULL AUTO_INCREMENT,
  `nombre` varchar(191) COLLATE utf8mb4_unicode_ci NOT NULL,
  `estado` tinyint(1) NOT NULL DEFAULT '1',
  `usuario_creacion` int(11) NOT NULL,
  `usuario_modificacion` int(11) NOT NULL,
  `created_at` timestamp NULL DEFAULT NULL,
  `updated_at` timestamp NULL DEFAULT NULL,
  PRIMARY KEY (`id`)
) ENGINE=InnoDB AUTO_INCREMENT=21 DEFAULT CHARSET=utf8mb4 COLLATE=utf8mb4_unicode_ci;
/*!40101 SET character_set_client = @saved_cs_client */;

--
-- Dumping data for table `portafolio`
--

LOCK TABLES `portafolio` WRITE;
/*!40000 ALTER TABLE `portafolio` DISABLE KEYS */;
INSERT INTO `portafolio` VALUES (1,'et',1,12,12,'2018-07-23 09:13:10','2018-07-23 09:13:10'),(2,'Grupo Creex',1,1,1,'2018-07-23 15:30:05','2018-07-23 15:30:05'),(3,'saul',1,12,12,'2018-07-26 17:04:07','2018-07-26 17:04:07'),(4,'dash',1,12,12,'2018-07-26 17:04:31','2018-07-26 17:04:31'),(5,'Binance',1,1,1,'2018-08-08 17:30:35','2018-08-08 17:30:35'),(6,'Fernando',1,42,42,'2018-08-10 05:35:29','2018-08-10 05:35:29'),(7,'JairoPortafolio',0,38,38,'2018-08-11 18:44:23','2018-09-04 21:47:15'),(8,'JUAN JESUS',1,58,58,'2018-08-13 16:44:21','2018-08-13 16:44:21'),(9,'Test',1,15,15,'2018-08-16 14:59:51','2018-08-16 14:59:51'),(10,'hitbtc',1,1,1,'2018-08-18 14:29:07','2018-08-18 14:29:07'),(11,'Portafolio - Carlos',1,24,24,'2018-08-21 18:34:08','2018-08-21 18:34:08'),(12,'Claudio Alvarez',1,32,32,'2018-08-21 20:36:47','2018-08-21 20:36:47'),(13,'david',0,93,93,'2018-08-21 23:05:05','2018-08-21 23:05:35'),(14,'binance',1,70,70,'2018-08-22 20:02:37','2018-08-22 20:02:37'),(15,'Portafolio Jairo',0,38,38,'2018-08-26 07:57:57','2018-09-04 21:46:24'),(16,'Lorena - binance',1,74,74,'2018-08-27 09:44:04','2018-08-27 09:44:04'),(17,'Alejandro Bermúdez',1,120,120,'2018-08-30 06:29:23','2018-08-30 06:29:23'),(18,'Leon-Germán',1,53,53,'2018-08-31 21:55:56','2018-08-31 21:55:56'),(19,'Btcusd',0,143,143,'2018-09-05 08:59:14','2018-09-05 08:59:22'),(20,'Julio',0,142,142,'2018-09-07 14:47:05','2018-09-07 14:47:19');
/*!40000 ALTER TABLE `portafolio` ENABLE KEYS */;
UNLOCK TABLES;

--
-- Table structure for table `settings`
--

DROP TABLE IF EXISTS `settings`;
/*!40101 SET @saved_cs_client     = @@character_set_client */;
/*!40101 SET character_set_client = utf8 */;
CREATE TABLE `settings` (
  `id` int(10) unsigned NOT NULL AUTO_INCREMENT,
  `option` varchar(191) COLLATE utf8mb4_unicode_ci NOT NULL,
  `value` varchar(191) COLLATE utf8mb4_unicode_ci NOT NULL,
  `created_at` timestamp NULL DEFAULT NULL,
  `updated_at` timestamp NULL DEFAULT NULL,
  PRIMARY KEY (`id`)
) ENGINE=InnoDB DEFAULT CHARSET=utf8mb4 COLLATE=utf8mb4_unicode_ci;
/*!40101 SET character_set_client = @saved_cs_client */;

--
-- Dumping data for table `settings`
--

LOCK TABLES `settings` WRITE;
/*!40000 ALTER TABLE `settings` DISABLE KEYS */;
/*!40000 ALTER TABLE `settings` ENABLE KEYS */;
UNLOCK TABLES;

--
-- Table structure for table `signals`
--

DROP TABLE IF EXISTS `signals`;
/*!40101 SET @saved_cs_client     = @@character_set_client */;
/*!40101 SET character_set_client = utf8 */;
CREATE TABLE `signals` (
  `id` int(10) unsigned NOT NULL AUTO_INCREMENT,
  `membresia_id` int(10) unsigned NOT NULL,
  `coinname` varchar(191) COLLATE utf8mb4_unicode_ci NOT NULL,
  `coinsymbol` varchar(191) COLLATE utf8mb4_unicode_ci NOT NULL,
  `coinimgurl` varchar(191) COLLATE utf8mb4_unicode_ci NOT NULL,
  `exchange` varchar(191) COLLATE utf8mb4_unicode_ci NOT NULL,
  `cointradeurl` varchar(191) COLLATE utf8mb4_unicode_ci NOT NULL,
  `coinprice` varchar(191) COLLATE utf8mb4_unicode_ci NOT NULL,
  `target1` varchar(191) COLLATE utf8mb4_unicode_ci NOT NULL,
  `target2` varchar(191) COLLATE utf8mb4_unicode_ci NOT NULL,
  `target3` varchar(191) COLLATE utf8mb4_unicode_ci NOT NULL,
  `stoploss` varchar(191) COLLATE utf8mb4_unicode_ci NOT NULL,
  `created_at` timestamp NULL DEFAULT NULL,
  `updated_at` timestamp NULL DEFAULT NULL,
  `pricet30m` varchar(191) COLLATE utf8mb4_unicode_ci DEFAULT NULL,
  `pricet1h` varchar(191) COLLATE utf8mb4_unicode_ci DEFAULT NULL,
  `pricet3h` varchar(191) COLLATE utf8mb4_unicode_ci DEFAULT NULL,
  `pricet6h` varchar(191) COLLATE utf8mb4_unicode_ci DEFAULT NULL,
  `pricet12h` varchar(191) COLLATE utf8mb4_unicode_ci DEFAULT NULL,
  `pricet24h` varchar(191) COLLATE utf8mb4_unicode_ci DEFAULT NULL,
  `pricet48h` varchar(191) COLLATE utf8mb4_unicode_ci DEFAULT NULL,
  `flag` varchar(191) COLLATE utf8mb4_unicode_ci DEFAULT NULL,
  `pricet30mpercent` varchar(191) COLLATE utf8mb4_unicode_ci DEFAULT NULL,
  `pricet1hpercent` varchar(191) COLLATE utf8mb4_unicode_ci DEFAULT NULL,
  `pricet3hpercent` varchar(191) COLLATE utf8mb4_unicode_ci DEFAULT NULL,
  `pricet6hpercent` varchar(191) COLLATE utf8mb4_unicode_ci DEFAULT NULL,
  `pricet12hpercent` varchar(191) COLLATE utf8mb4_unicode_ci DEFAULT NULL,
  `pricet24hpercent` varchar(191) COLLATE utf8mb4_unicode_ci DEFAULT NULL,
  `pricet48hpercent` varchar(191) COLLATE utf8mb4_unicode_ci DEFAULT NULL,
  `priceAverage` varchar(191) COLLATE utf8mb4_unicode_ci DEFAULT NULL,
  `priceAveragePercent` varchar(191) COLLATE utf8mb4_unicode_ci DEFAULT NULL,
  `rangeprice` varchar(191) COLLATE utf8mb4_unicode_ci DEFAULT NULL,
  PRIMARY KEY (`id`),
  KEY `signals_membresia_id_foreign` (`membresia_id`),
  CONSTRAINT `signals_membresia_id_foreign` FOREIGN KEY (`membresia_id`) REFERENCES `membresia` (`id`)
) ENGINE=InnoDB AUTO_INCREMENT=148 DEFAULT CHARSET=utf8mb4 COLLATE=utf8mb4_unicode_ci;
/*!40101 SET character_set_client = @saved_cs_client */;

--
-- Dumping data for table `signals`
--

LOCK TABLES `signals` WRITE;
/*!40000 ALTER TABLE `signals` DISABLE KEYS */;
INSERT INTO `signals` VALUES (27,1,'Binance Coin','BNB','https://www.cryptocompare.com/media/1383947/bnb.png','Binance','https://binance.com/','0.002140','0.002354','0.002461','0.002568','0.001930','2018-07-03 06:18:18','2018-07-05 09:11:21','0.00217100','0.00217000','0.00215800','0.00214700','0.00214600','0.00209800','0.00207800','B','1.45','1.40','0.84','0.33','0.28','-1.96','-2.90','0.00217100','1.45',NULL),(28,1,'Salt Lending','SALT','https://www.cryptocompare.com/media/9350744/salt.jpg','Bittrex','https://bittrex.com/','0.0001900','0.00022','0.00031','0.00047','0.00014','2018-07-03 06:23:49','2018-07-05 09:11:21','0.00019680','0.00019730','0.00019710','0.00019530','0.00018650','0.00019200','0.00019260','B','3.58','3.84','3.74','2.79','-1.84','1.05','1.37','0.00019730','3.84',NULL),(29,1,'Kore','KORE','https://www.cryptocompare.com/media/14543972/kore.png','Bittrex','https://bittrex.com/','0.00025','0.00030','0.00040','0.00050','0.00022','2018-07-03 06:29:27','2018-07-05 09:11:20','0.00025000','0.00025370','0.00025020','0.00025560','0.00024510','0.00024000','0.00025520','B','0.00','1.48','0.08','2.24','-1.96','-4.00','2.08','0.00025560','2.24',NULL),(30,1,'Pundi X','NPXS','https://www.cryptocompare.com/media/27010505/pxs.png','Binance','https://binance.com/','0.00000063','0.00000072','0.0000080','0.00000100','0.00000054','2018-07-04 07:51:14','2018-07-07 13:28:17','0.00000065','0.00000065','0.00000063','0.00000064','0.00000064','0.00000060','0.00000062','B','3.17','3.17','0.00','1.59','1.59','-4.76','-1.59','0.00000065','3.17',NULL),(31,1,'Verge','XVG','https://www.cryptocompare.com/media/12318032/xvg.png','Binance','www.binance.com','0.00000358','0.00000374','0.00000386','0.00000402','0.00000340','2018-07-05 12:15:36','2018-07-07 13:28:17','0.00000373','0.00000374','0.00000371','0.00000376','--','0.00000374','0.00000379','B','4.19','4.47','3.63','5.03','--','4.47','5.87','0.00000379','5.87',NULL),(32,1,'Tronix','TRX','https://www.cryptocompare.com/media/12318089/trx.png','binance','www.binance.com','0.00000511','0.00000550','0.00000600','0.00000650','0.00000471','2018-07-05 17:14:06','2018-07-07 17:41:21','0.00000572','0.00000569','0.00000568','0.00000564','0.00000554','0.00000553','0.00000556','B','11.94','11.35','11.15','10.37','8.41','8.22','8.81','0.00000572','11.94',NULL),(33,1,'Ethereum Classic','ETC','https://www.cryptocompare.com/media/33752295/etc_new.png','Binance','www.binance.com','0.002660','0.002718','0.002750','0.002800','0.002500','2018-07-05 17:25:26','2018-07-07 17:41:20','0.00272100','0.00270300','0.00269900','0.00264200','0.00272300','0.00276900','0.00277000','B','2.29','1.62','1.47','-0.68','2.37','4.10','4.14','0.00277000','4.14',NULL),(34,1,'QuarkChain','QKC','https://www.cryptocompare.com/media/33434307/qkc.jpg','Binance','www.binance.com','0.00001150','0.00001200','0.00001280','0.00001380','0.00001085','2018-07-05 17:55:12','2018-07-08 19:44:26','0.00001155','0.00001179','0.00001227','--','0.00001248','0.00001156','0.00001184','B','0.43','2.52','6.70','--','8.52','0.52','2.96','0.00001248','8.52',NULL),(35,1,'Vechain','VEN','https://www.cryptocompare.com/media/12318129/ven.png','Binance','https://binance.com/','0.0003750','0.0004125','0.0004400','0.0004900','0.0003375','2018-07-06 07:50:12','2018-07-08 19:44:25','0.00037350','0.00037260','0.00038200','0.00038080','0.00037020','0.00037470','0.00038300','B','-0.40','-0.64','1.87','1.55','-1.28','-0.08','2.13','0.00038300','2.13',NULL),(36,1,'SelfKey','KEY','https://www.cryptocompare.com/media/14761912/key.png','Binance','https://binance.com/','0.00000287','0.00000315','0.00000360','0.00000420','0.00000255','2018-07-06 07:52:30','2018-07-08 19:44:25','0.00000286','0.00000290','0.00000297','0.00000316','0.00000307','0.00000322','0.00000307','B','-0.35','1.05','3.48','10.10','6.97','12.20','6.97','0.00000322','12.20',NULL),(37,1,'Stratis','STRAT','https://www.cryptocompare.com/media/351303/stratis-logo.png','Binance','https://binance.com/','0.0003850','0.0004235','0.0004620','0.0004980','0.0003300','2018-07-06 08:29:21','2018-07-08 19:44:25','0.00040430','0.00039920','0.00040160','0.00039810','0.00039500','0.00038920','0.00039120','B','5.01','3.69','4.31','3.40','2.60','1.09','1.61','0.00040430','5.01',NULL),(38,1,'Stellar','XLM','https://www.cryptocompare.com/media/20696/str.png','Binance','www.binance.com','0.00003044','0.00003160','0.00003200','0.00003300','0.00002905','2018-07-06 09:46:55','2018-07-08 19:44:25','0.00003148','0.00003168','0.00003126','0.00003129','0.00003155','0.00003097','0.00003107','B','3.42','4.07','2.69','2.79','3.65','1.74','2.07','0.00003168','4.07',NULL),(39,1,'Decentraland','MANA','https://www.cryptocompare.com/media/1383903/mana.png','Binance','www.binance.com','0.00001500','0.00001620','0.00001700','0.00001900','0.00001405','2018-07-06 09:59:15','2018-07-08 19:44:02','0.00001543','0.00001523','0.00001526','0.00001526','0.00001486','0.00001498','0.00001522','B','2.87','1.53','1.73','1.73','-0.93','-0.13','1.47','0.00001543','2.87',NULL),(40,1,'ZClassic','ZCL','https://www.cryptocompare.com/media/351926/zcl.png','Bittrex','www.bittrex.com','0.00121605','0.00129500','0.00136605','0.00161605','0.00113669','2018-07-08 09:14:26','2018-07-10 19:33:55','0.00126500','0.00126900','0.00127500','0.00126700','0.00126200','0.00132900','0.00124800','B','4.03','4.35','4.85','4.19','3.78','9.29','2.63','0.00132900','9.29',NULL),(41,1,'AppCoins','APPC','https://www.cryptocompare.com/media/12318370/app.png','Binance','www.binance.com','0.00003109','0.00003300','0.00003450','0.00004000','0.002850','2018-07-08 09:18:04','2018-07-10 19:33:54','0.00003280','0.00003314','0.00003289','0.00003210','0.00003244','0.00003709','0.00003203','B','5.50','6.59','5.79','3.25','4.34','19.30','3.02','0.00003709','19.30',NULL),(42,1,'0x','ZRX','https://www.cryptocompare.com/media/1383799/zrx.png','Binance','www.binance.com','0.00014620','0.00015310','0.00016000','0.00018500','0.00014263','2018-07-08 09:20:04','2018-07-10 19:07:00','0.00014720','0.00014660','0.00014690','0.00014430','0.00014430','0.00014290','0.00013210','B','0.68','0.27','0.48','-1.30','-1.30','-2.26','-9.64','0.00014720','0.68',NULL),(44,1,'UpToken','UP','https://www.cryptocompare.com/media/12318374/up.png','Bittrex','www.bittrex.com','0.00000730','0.00000780','0.00000830','0.00000950','0.00000670','2018-07-08 20:39:32','2018-07-11 16:51:58','0.00000723','0.00000723','0.00000735','0.00000724','0.00000733','0.00000715','0.00000687','B','-0.96','-0.96','0.68','-0.82','0.41','-2.05','-5.89','0.00000735','0.68',NULL),(45,1,'EOS','EOS','https://www.cryptocompare.com/media/1383652/eos_1.png','Binance','www.binance.com','0.0012221','0.0013221','0.0014321','0.00125221','0.0011475','2018-07-09 14:14:16','2018-07-25 19:59:41','0.00122100','0.00122100','0.00115600','0.00114800','0.00115300','0.00115900','0.00000000','B','-0.09','-0.09','-5.41','-6.06','-5.65','-5.16','--','0.00122100','-0.09',NULL),(46,1,'Siacoin','SC','https://www.cryptocompare.com/media/20726/siacon-logo.png','Binance','https://binance.com/','0.00000165','0.00000182','0.00000198','0.00000237','0.00000147','2018-07-10 07:00:48','2018-07-12 08:41:19','0.00000164','0.00000165','0.00000169','0.00000171','0.00000168','0.00000169','0.00000163','B','-0.61','0.00','2.42','3.64','1.82','2.42','-1.21','0.00000171','3.64',NULL),(47,1,'Verge','XVG','https://www.cryptocompare.com/media/12318032/xvg.png','Binance','www.binance.com','0.00000345','0.00000380','0.00000420','0.00000500','0.00000328','2018-07-10 10:52:46','2018-07-12 15:34:29','0.00000351','0.00000350','0.00000351','0.00000343','0.00000339','0.00000348','0.00000344','B','1.74','1.45','1.74','-0.58','-1.74','0.87','-0.29','0.00000351','1.74',NULL),(48,1,'QTUM','QTUM','https://www.cryptocompare.com/media/1383382/qtum.png','Bittrex','www.bittrex.com','0.00121047','0.00131000','0.00135047','0.00139471','0.00118057','2018-07-11 17:34:21','2018-07-14 08:53:31','0.00122900','0.00123100','0.00121300','0.00121200','0.00120400','0.00121800','0.00123000','B','1.53','1.70','0.21','0.13','-0.53','0.62','1.61','0.00123100','1.70',NULL),(49,1,'Tezos','XTZ','https://www.cryptocompare.com/media/1383651/xbt.png','gate.io','gate.io','0.00034541','0.00034741','0.00034941','0.00035541','0.00033541','2018-07-16 11:33:28','2018-07-18 12:54:16','0.00036490','0.00034700','0.00035650','0.00035270','0.00035140','0.00032680','0.00032110','B','5.64','0.46','3.21','2.11','1.73','-5.39','-7.04','0.00036490','5.64',NULL),(50,1,'NEM','XEM','https://www.cryptocompare.com/media/20490/xem.png','Binance','www.binance.com','0.00002538','0.00002588','0.00002648','0.00002798','0.00002436','2018-07-16 22:49:24','2018-07-19 12:59:40','0.00002610','0.00002606','0.00002607','0.00002591','0.00002610','0.00002580','0.00002553','B','2.84','2.68','2.72','2.09','2.84','1.65','0.59','0.00002610','2.84',NULL),(51,1,'Tronix','TRX','https://www.cryptocompare.com/media/12318089/trx.png','Binance','www.binance.com','0.00000509','0.00000529','0.00000565','0.00000655','0.00000485','2018-07-16 22:50:56','2018-07-18 23:35:51','0.00000542','0.00000545','0.00000547','0.00000548','0.00000543','0.00000543','0.00000523','B','6.48','7.07','7.47','7.66','6.68','6.68','2.75','0.00000548','7.66',NULL),(52,1,'Aeron','ARN','https://www.cryptocompare.com/media/12318261/arn.png','Binance','www.binance.com','0.00009430','0.00009490','0.00009550','0.00009670','0.00009320','2018-07-17 08:33:20','2018-07-19 09:47:02','0.00009441','0.00009450','0.00009321','0.00009499','0.00009762','0.00010160','0.00009316','B','0.12','0.21','-1.16','0.73','3.52','7.74','-1.21','0.00010160','7.74',NULL),(53,1,'Verge','XVG','https://www.cryptocompare.com/media/12318032/xvg.png','Bittrex','www.bittrex.com','0.00000355','0.00000365','0.00000375','0.00000425','0.00000310','2018-07-17 14:08:50','2018-07-19 14:31:58','0.00000360','0.00000358','0.00000358','0.00000364','0.00000359','0.00000356','0.00000342','B','1.41','0.85','0.85','2.54','1.13','0.28','-3.66','0.00000364','2.54',NULL),(54,1,'Po.et','POE','https://www.cryptocompare.com/media/1383828/poe.png','Binance','www.binance.com','0.00000263','0.00000283','0.00000313','0.00000369','0.00000223','2018-07-17 14:16:22','2018-07-19 14:31:58','0.00000266','0.00000270','0.00000266','0.00000267','0.00000267','0.00000269','0.00000253','B','1.14','2.66','1.14','1.52','1.52','2.28','-3.80','0.00000270','2.66',NULL),(55,1,'KeyCoin','KEY*','https://www.cryptocompare.com/media/20331/key.png','Binance','www.binance.com','0.00000185','0.00000190','0.00000198','0.00000210','0.00000178','2018-07-17 23:01:58','2018-07-19 23:38:34','0.00000210','0.00000210','0.00000210','0.00000209','0.00000206','0.00000202','0.00000193','B','13.51','13.51','13.51','12.97','11.35','9.19','4.32','0.00000210','13.51',NULL),(57,1,'Ardor','ARDR','https://www.cryptocompare.com/media/351736/ardr.png','Binance','www.binance.com','0.00002708','0.00002758','0.00002800','0.00002968','0.00002638','2018-07-20 04:33:02','2018-07-22 09:49:20','0.00002714','0.00002708','0.00002624','0.00002605','0.00002552','0.00002499','0.00002701','B','0.22','0.00','-3.10','-3.80','-5.76','-7.72','-0.26','0.00002714','0.22',NULL),(59,1,'Monetha','MTH','https://www.cryptocompare.com/media/1383976/mth.png','Binance','www.binance.com','0.00000500','0.00000530','0.00000570','0.00000620','0.00000485','2018-07-20 04:45:52','2018-07-22 09:49:18','0.00000525','0.00000537','0.00000521','0.00000525','0.00000518','0.00000521','0.00000523','B','5.00','7.40','4.20','5.00','3.60','4.20','4.60','0.00000537','7.40',NULL),(60,1,'Monetha','MTH','https://www.cryptocompare.com/media/1383976/mth.png','Binance','www.binance.com','0.00000450','0.00000480','0.00000500','0.00000550','0.00000430','2018-07-23 12:21:58','2018-07-25 18:05:35','0.00000490','0.00000490','0.00000488','0.00000485','0.00000458','0.00000459','0.00000467','B','8.89','8.89','8.44','7.78','1.78','2.00','3.78','0.00000490','8.89',NULL),(62,1,'Verge','XVG','https://www.cryptocompare.com/media/12318032/xvg.png','Binance','www.binance.com','0.00000299','0.00000319','0.00000339','0.00000389','0.00000259','2018-07-26 12:53:46','2018-07-28 15:50:00','0.00000298','0.00000298','0.00000291','0.00000288','0.00000292','0.00000292','0.00000288','B','-0.33','-0.33','-2.68','-3.68','-2.34','-2.34','-3.68','0.00000298','-0.33',NULL),(64,1,'Litecoin','LTC','https://www.cryptocompare.com/media/19782/litecoin-logo.png','Binance','www.binance.com','0.010397','0.010600','0.010997','0.011596','0.010112','2018-07-26 12:59:50','2018-07-28 15:50:00','0.01052000','0.01054000','0.01053000','0.01048000','0.01041000','0.01025000','0.01021000','B','1.18','1.38','1.28','0.80','0.13','-1.41','-1.80','0.01054000','1.38',NULL),(65,1,'Aion','AION','https://www.cryptocompare.com/media/16746538/aion.png','binance','www.binance.com','0.0000962','0.0001158','0.0001232','0.0001326','0.0000841','2018-07-30 06:56:14','2018-08-14 09:38:33','0.00010120','0.00010080','0.00009848','0.00009908','0.00009825','0.00009231','0.00000000','B','5.20','4.78','2.37','2.99','2.13','-4.04','--','0.00010120','5.20',NULL),(66,1,'SONM','SNM','https://www.cryptocompare.com/media/1383564/snm.png','binance','www.binance.com','0.00001441','0.00001521','0.00001591','0.00001662','0.00001301','2018-07-30 07:30:55','2018-08-01 07:39:17','0.00001479','0.00001487','0.00001454','0.00001441','0.00001438','0.00001391','0.00001322','B','2.64','3.19','0.90','0.00','-0.21','-3.47','-8.26','0.00001487','3.19',NULL),(67,1,'QLC Chain','QLC','https://www.cryptocompare.com/media/20780665/qlc.png','binance','www.binance.com','0.00000539','0.00000588','0.00000608','0.00000708','0.00000485','2018-07-30 08:52:21','2018-08-11 18:27:05','0.00000759','0.00000729','0.00000697','0.00000695','0.00000687','0.00000652','0.00000000','B','40.82','35.25','29.31','28.94','27.46','20.96','--','0.00000759','40.82',NULL),(68,1,'EthLend','LEND','https://www.cryptocompare.com/media/16746444/lend.png','binance','www.binance.com','0.00000303','0.00000323','0.00000332','0.00000350','0.00000274','2018-07-30 09:08:39','2018-08-02 18:21:19','0.00000343','0.00000337','0.00000336','0.00000333','0.00000339','0.00000316','0.00000306','B','13.20','11.22','10.89','9.90','11.88','4.29','0.99','0.00000343','13.20',NULL),(69,1,'ZCash','ZEC','https://www.cryptocompare.com/media/351360/zec.png','binance','www.binance.com','0.026547','0.027216','0.027518','0.028042','0.024287','2018-07-30 15:01:33','2018-08-02 18:21:19','0.02684000','0.02624000','0.02631000','0.02596000','0.02544000','0.02607000','0.02579000','B','1.10','-1.16','-0.89','-2.21','-4.17','-1.80','-2.85','0.02684000','1.10',NULL),(70,1,'SingularDTV','SNGLS','https://www.cryptocompare.com/media/351368/sngls.png','binance','www.binance.com','0.00000419','0.00000440','0.00000446','0.00000456','0.00000338','2018-07-31 06:54:03','2018-08-02 18:21:18','0.00000426','0.00000425','0.00000428','0.00000421','0.00000423','0.00000420','0.00000401','B','1.67','1.43','2.15','0.48','0.95','0.24','-4.30','0.00000428','2.15',NULL),(71,1,'Augur','REP','https://www.cryptocompare.com/media/350815/augur-logo.png','binance','www.binance.com','0.003747','0.003862','0.003891','0.003954','0.003378','2018-07-31 07:46:24','2018-08-02 08:58:20','0.00386800','0.00388700','0.00392400','0.00396700','0.00375900','0.00392600','0.00397100','B','3.23','3.74','4.72','5.87','0.32','4.78','5.98','0.00397100','5.98',NULL),(72,1,'Verge','XVG','https://www.cryptocompare.com/media/12318032/xvg.png','binance','www.binance.com','0.00000297','0.00000306','0.00000313','0.00000322','0.00000260','2018-07-31 08:22:24','2018-08-02 08:58:19','0.00000309','0.00000314','0.00000311','0.00000318','0.00000307','0.00000298','0.00000279','B','4.04','5.72','4.71','7.07','3.37','0.34','-6.06','0.00000318','7.07',NULL),(73,1,'Eidoo','EDO','https://www.cryptocompare.com/media/12318082/eiboo.png','binance','www.binance.com','0.0001046','0.0001057','0.0001065','0.0001070','0.0000990','2018-07-31 09:19:04','2018-08-02 09:50:15','0.00010490','0.00010530','0.00010400','0.00010520','0.00010650','0.00010470','0.00010590','B','0.29','0.67','-0.57','0.57','1.82','0.10','1.24','0.00010650','1.82',NULL),(74,1,'Nucleus Vision','NCASH','https://www.cryptocompare.com/media/27010960/untitled-1.png','binance','www.binance.com','0.00000138','0.00000141','0.00000145','0.00000148','0.00000127','2018-07-31 10:26:16','2018-08-02 13:20:57','0.00000139','0.00000139','0.00000139','0.00000138','0.00000135','0.00000136','0.00000132','B','0.72','0.72','0.72','0.00','-2.17','-1.45','-4.35','0.00000139','0.72',NULL),(75,1,'Aion','AION','https://www.cryptocompare.com/media/16746538/aion.png','binance','www.binance.com','0.0000922','0.0000936','0.0000945','0.0000957','0.0000881','2018-08-01 07:10:30','2018-08-07 06:15:47','0.00009302','0.00009213','0.00009134','0.00009024','0.00009001','0.00008405','--','B','0.89','-0.08','-0.93','-2.13','-2.38','-8.84','--','0.00009302','0.89',NULL),(76,1,'AirSwap','AST','https://www.cryptocompare.com/media/12318279/ast.png','binance','www.binance.com','0.00001639','0.00001720','0.00001759','0.00001778','0.00001539','2018-08-01 08:20:45','2018-08-07 06:15:46','0.00001648','0.00001642','0.00001638','0.00001631','0.00001625','0.00001531','--','B','0.55','0.18','-0.06','-0.49','-0.85','-6.59','--','0.00001648','0.55',NULL),(77,1,'Dash','DASH','https://www.cryptocompare.com/media/33842920/dash.png','binance','www.binance.com','0.028137','0.028809','0.029167','0.029570','0.026614','2018-08-01 09:21:42','2018-08-07 06:15:46','0.02887000','0.02880000','0.02886000','0.02892000','0.02859000','0.02773000','--','B','2.61','2.36','2.57','2.78','1.61','-1.45','--','0.02892000','2.78',NULL),(78,1,'Nexus','NXS','https://www.cryptocompare.com/media/1382387/nexus.jpg','binance','www.binance.com','0.00015963','0.00016442','0.00016921','0.00017879','0.00014367','2018-08-01 09:22:40','2018-08-07 06:15:46','0.00015810','0.00015750','0.00016210','0.00016000','0.00015580','0.00015900','--','B','-0.96','-1.33','1.55','0.23','-2.40','-0.39','--','0.00016210','1.55',NULL),(79,1,'GIFTO','GTO','https://www.cryptocompare.com/media/16746671/gto.png','binance','www.binance.com','0.00001743','0.00001763','0.00001774','0.00001827','0.00001604','2018-08-01 10:27:50','2018-08-07 06:15:45','0.00001769','0.00001770','0.00001768','0.00001757','0.00001738','0.00001646','--','B','1.49','1.55','1.43','0.80','-0.29','-5.57','--','0.00001770','1.55',NULL),(80,1,'Iconomi','ICN','https://www.cryptocompare.com/media/351400/icn.png','binance','www.binance.com','0.00007020','0.00007163','0.00007304','0.00007424','0.00006577','2018-08-01 12:57:05','2018-08-07 06:15:45','0.00007192','0.00007287','0.00007205','0.00007302','0.00007627','0.00007098','--','B','2.45','3.80','2.64','4.02','8.65','1.11','--','0.00007627','8.65',NULL),(81,1,'ChainLink','LINK','https://www.cryptocompare.com/media/12318078/link.png','binance','www.binance.com','0.00004110','0.00004180','0.00004228','0.00004280','0.00003886','2018-08-02 10:47:32','2018-08-04 16:22:02','0.00004049','0.00004051','0.00004082','0.00004096','0.00003745','0.00003830','0.00003595','B','-1.48','-1.44','-0.68','-0.34','-8.88','-6.81','-12.53','0.00004096','-0.34',NULL),(82,1,'Ardor','ARDR','https://www.cryptocompare.com/media/351736/ardr.png','binance','www.binance.com','0.00001858','0.00001890','0.00001911','0.00001934','0.00001754','2018-08-03 06:14:04','2018-08-05 15:25:55','0.00001853','0.00001862','0.00001869','0.00001874','0.00001841','0.00001855','0.00001902','B','-0.27','0.22','0.59','0.86','-0.91','-0.16','2.37','0.00001902','2.37',NULL),(83,1,'Binance Coin','BNB','https://www.cryptocompare.com/media/1383947/bnb.png','binance','www.binance.com','0.0018808','0.0019210','0.0019385','0.0019411','0.000017930','2018-08-03 06:28:25','2018-08-05 15:25:55','0.00189000','0.00187200','0.00186900','0.00190200','0.00188300','0.00195400','0.00194700','B','0.49','-0.47','-0.63','1.13','0.12','3.89','3.52','0.00195400','3.89',NULL),(84,1,'Eidoo','EDO','https://www.cryptocompare.com/media/12318082/eiboo.png','binance','www.binance.com','0.0001062','0.0001085','0.0001093','0.0001128','0.0000975','2018-08-03 06:47:47','2018-08-05 15:25:54','0.00010760','0.00010750','0.00010790','0.00010760','0.00010750','0.00011000','0.00010940','B','1.32','1.22','1.60','1.32','1.22','3.58','3.01','0.00011000','3.58',NULL),(85,1,'EOS','EOS','https://www.cryptocompare.com/media/1383652/eos_1.png','binance','www.binance.com','0.0009714','0.0009922','0.0010009','0.00010042','0.0009279','2018-08-03 07:20:09','2018-08-05 15:25:54','0.00095760','0.00095630','0.00095840','0.00096770','0.00097310','0.00096380','0.00100500','B','-1.42','-1.55','-1.34','-0.38','0.18','-0.78','3.46','0.00100500','3.46',NULL),(86,1,'XRP','XRP','https://www.cryptocompare.com/media/34477776/xrp.png','BINANCE','https://www.binance.com/indexSpa.html#/','0.00005932','0.00006150','0.00006210','0.00006250','0.00005865','2018-08-03 07:31:29','2018-08-05 15:25:54','0.00005880','0.00005902','0.00005895','0.00005954','0.00005923','0.00006088','0.00006185','B','-0.88','-0.51','-0.62','0.37','-0.15','2.63','4.27','0.00006185','4.27',NULL),(87,1,'AdEx','ADX','https://www.cryptocompare.com/media/1383667/adx1.png','BINANCE','https://www.binance.com/indexSpa.html#/','0.00004000','0.00004210','0.00004320','0.00004500','0.00003650','2018-08-03 07:37:23','2018-08-05 15:25:54','0.00004012','0.00004000','0.00004052','0.00004117','0.00004025','0.00004029','0.00004129','B','0.30','0.00','1.30','2.92','0.62','0.72','3.22','0.00004129','3.22',NULL),(88,1,'Hshare','HSR','https://www.cryptocompare.com/media/12318137/hsr.png','binance','www.binance.com','0.000665','0.000704','0.000718','0.000730','0.000626','2018-08-03 07:48:28','2018-08-05 15:25:53','0.00068030','0.00067620','0.00067420','0.00068620','0.00068100','0.00066770','0.00072580','B','2.30','1.68','1.38','3.19','2.41','0.41','9.14','0.00072580','9.14',NULL),(89,1,'Everex','EVX','https://www.cryptocompare.com/media/1383850/evx.png','binance','www.binance.com','0.00007450','0.00007800','0.00008000','0.00008100','0.00007300','2018-08-03 08:10:43','2018-08-05 15:25:53','0.00007430','0.00007472','0.00007492','0.00007444','0.00007546','0.00007514','0.00007659','B','-0.27','0.30','0.56','-0.08','1.29','0.86','2.81','0.00007659','2.81',NULL),(90,1,'Kyber Network','KNC','https://www.cryptocompare.com/media/12318084/knc.png','binance','www.binance.com','0.00009253','0.00009356','0.00009437','0.00009735','0.00008909','2018-08-03 08:26:07','2018-08-05 15:25:53','0.00009565','0.00009525','0.00009511','0.00009558','0.00009443','0.00009665','0.00009671','B','3.37','2.94','2.79','3.30',NULL,'4.45','4.52','0.00009671','4.52',NULL),(92,1,'QTUM','QTUM','https://www.cryptocompare.com/media/1383382/qtum.png','binance','www.binance.com','0.000922','0.000932','0.000935','0.000938','0.000900','2018-08-06 09:01:24','2018-08-08 10:08:54','0.00092490','0.00092410','0.00093760','0.00092830','0.00090860','0.00090660','0.00084500','B','0.31','0.23','1.69','0.68','-1.45','-1.67','-8.35','0.00093760','1.69',NULL),(94,1,'Aeron','ARN','https://www.cryptocompare.com/media/12318261/arn.png','binance','www.binance.com','0.00006495','0.00006617','0.00006645','0.00006692','0.00006280','2018-08-07 07:58:29','2018-08-09 07:59:56','0.00006449','0.00006447','0.00006563','0.00006379','0.00006212','0.00005939','0.00005881','B','-0.71','-0.74','1.05','-1.79','-4.36','-8.56','-9.45','0.00006563','1.05',NULL),(95,1,'0x','ZRX','https://www.cryptocompare.com/media/1383799/zrx.png','binance','www.binance.com','0.00014047','0.00014123','0.00014209','0.00014323','0.00013847','2018-08-07 09:19:24','2018-08-09 09:28:42','0.00014280','0.00014370','0.00014390','0.00013700','0.00013120','0.00013300','0.00013990','B','1.66','2.30','2.44','-2.47','-6.60','-5.32','-0.41','0.00014390','2.44',NULL),(96,1,'Iconomi','ICN','https://www.cryptocompare.com/media/351400/icn.png','binance','www.binance.com','0.00008930','0.00009091','0.00009160','0.00009583','0.00008427','2018-08-08 08:54:32','2018-08-10 17:34:40','0.00008848','0.00008577','0.00009270','0.00008614','0.00008342','0.00008897','0.00009511','B','-0.92','-3.95','3.81','-3.54','-6.58','-0.37','6.51','0.00009511','6.51',NULL),(99,1,'SysCoin','SYS','https://www.cryptocompare.com/media/25792583/sys.png','BINANCE','https://www.binance.com/indexSpa.html#/','0.00001770','0.00001840','0.00001910','0.00002050','0.00001525','2018-08-09 07:59:46','2018-08-11 10:15:53','0.00001771','0.00001750','0.00001764','0.00001796','0.00001742','0.00001727','0.00001622','B','0.06','-1.13','-0.34','1.47','-1.58','-2.43','-8.36','0.00001796','1.47',NULL),(100,1,'Cardano','ADA','https://www.cryptocompare.com/media/12318177/ada.png','binance','www.binance.com','0.00001855','0.00001875','0.00001880','0.00001893','0.00001775','2018-08-09 08:12:47','2018-08-11 10:15:53','0.00001869','0.00001870','0.00001888','0.00001897','0.00001875','0.00001847','0.00001789','B','0.75','0.81','1.78','2.26','1.08','-0.43','-3.56','0.00001897','2.26',NULL),(109,1,'Kyber Network','KNC','https://www.cryptocompare.com/media/12318084/knc.png','binance','www.binance.com','0.00006519','0.00006581','0.00006680','0.00006778','0.00006240','2018-08-15 07:00:05','2018-08-17 07:06:29','0.00006651','0.00006614','0.00006906','0.00006899','0.00006749','0.00006781','0.00007221','B','2.02','1.46','5.94','5.83','3.53','4.02','10.77','0.00007221','10.77',NULL),(110,1,'Basic Attention Token','BAT','https://www.cryptocompare.com/media/1383370/bat.png','binance','www.binance.com','0.00003091','0.00003188','0.00003275','0.00003331','0.00002633','2018-08-15 07:52:38','2018-08-17 08:16:17','0.00003118','0.00003077','0.00003098','0.00003109','0.00002918','0.00003030','0.00003352','B','0.87','-0.45','0.23','0.58','-5.60','-1.97','8.44','0.00003352','8.44',NULL),(111,1,'Dash','DASH','https://www.cryptocompare.com/media/33842920/dash.png','binance','www.binance.com','0.023866','0.024220','0.024653','0.025275','0.021496','2018-08-15 08:24:50','2018-08-17 09:01:17','0.02412000','0.02456000','0.02439000','0.02418000','0.02451000','0.02401000','0.02457000','B','1.06','2.91','2.20','1.32','2.70','0.60','2.95','0.02457000','2.95',NULL),(112,1,'EOS','EOS','https://www.cryptocompare.com/media/1383652/eos_1.png','binance','www.binance.com','0.0007311','0.0007410','0.0007508','0.0007720','0.0006960','2018-08-15 09:26:13','2018-08-17 09:51:33','0.00074350','0.00073790','0.00072780','0.00074030','0.00073670','0.00073100','0.00076170','B','1.70','0.93','-0.45','1.26','0.77','-0.01','4.19','0.00076170','4.19',NULL),(113,1,'OmiseGo','OMG','https://www.cryptocompare.com/media/1383814/omisego.png','binance','www.binance.com','0.000580','0.000591','0.000605','0.000619','0.000526','2018-08-15 10:07:05','2018-08-17 11:06:29','0.00058910','0.00059210','0.00058580','0.00058110','0.00056910','0.00058100','0.00065070','B','1.57','2.09','1.00','0.19','-1.88','0.17','12.19','0.00065070','12.19',NULL),(114,1,'Ethereum Classic','ETC','https://www.cryptocompare.com/media/33752295/etc_new.png','binance','www.binance.com','0.002190','0.002209','0.002224','0.002237','0.002079','2018-08-16 06:59:00','2018-08-18 11:11:52','0.00221000','0.00219500','0.00218700','0.00232200','0.00210900','0.00211600','0.00213700','B','0.91','0.23','-0.14','6.03','-3.70','-3.38','-2.42','0.00232200','6.03',NULL),(115,1,'Populous','PPT','https://www.cryptocompare.com/media/1383747/ppt.png','binance','www.binance.com','0.0006519','0.0006620','0.0006721','0.0006902','0.0006015','2018-08-16 08:47:40','2018-08-18 11:11:52','0.00065730','0.00067260','0.00067480','0.00065990','0.00072790','0.00085540','0.00083940','B','0.83','3.18','3.51','1.23','11.66','31.22','28.76','0.00085540','31.22',NULL),(117,1,'Genesis Vision','GVT','https://www.cryptocompare.com/media/14913634/gvt.png','binance','www.binance.com','0.0007453','0.0007568','0.0007625','0.0007856','0.0007198','2018-08-17 07:47:16','2018-08-19 15:13:26','0.00076210','0.00076740','0.00078610','0.00077510','0.00079270','0.00075590','0.00075920','B','2.25','2.97','5.47','4.00','6.36','1.42','1.87','0.00079270','6.36',NULL),(118,1,'IoTeX Network','IOTX','https://www.cryptocompare.com/media/33187927/rsz_njsdvvpv_400x400.jpg','binance','www.binance.com','0.00000170','0.00000173','0.00000177','0.00000182','0.00000156','2018-08-17 07:53:42','2018-08-19 15:13:26','0.00000169','0.00000167','0.00000175','0.00000179','0.00000186','0.00000152','0.00000169','B','-0.59','-1.76','2.94','5.29','9.41','-10.59','-0.59','0.00000186','9.41',NULL),(119,1,'Decentraland','MANA','https://www.cryptocompare.com/media/1383903/mana.png','binance','www.binance.com','0.00001134','0.00001151','0.00001161','0.00001177','0.00001075','2018-08-17 08:23:26','2018-08-19 15:13:26','0.00001128','0.00001128','0.00001155','0.00001160','0.00001201','0.00001084','0.00001142','B','-0.53','-0.53','1.85','2.29','5.91','-4.41','0.71','0.00001201','5.91',NULL),(120,1,'Nuls','NULS','https://www.cryptocompare.com/media/14913548/nuls.png','binance','www.binance.com','0.00024708','0.00024821','0.00024934','0.00025092','0.00023941','2018-08-17 09:32:54','2018-08-19 15:13:26','0.00024980','0.00025110','0.00025140','0.00026050','0.00024110','0.00021950','0.00023180','B','1.10','1.63','1.75','5.43','-2.42','-11.16','-6.18','0.00026050','5.43',NULL),(121,1,'Tronix','TRX','https://www.cryptocompare.com/media/34477805/trx.jpg','Binance','www.binance.com','0.00000305','0.00000327','0.00000359','0.00000389','0.00000280','2018-08-22 08:09:24','2018-08-24 09:31:15','0.00000314','0.00000313','0.00000312','0.00000304','0.00000311','0.00000309','0.00000317','B','2.95','2.62','2.30','-0.33','1.97','1.31','3.93','0.00000317','3.93',NULL),(122,1,'Cardano','ADA','https://www.cryptocompare.com/media/12318177/ada.png','Binance','www.binance.com','0.00001300','0.00001400','0.00001530','0.00001700','0.00001250','2018-08-22 09:48:39','2018-08-24 10:05:15','0.00001424','0.00001425','0.00001397','0.00001398','0.00001387','0.00001420','0.00001401','B','9.54','9.62','7.46','7.54','6.69','9.23','7.77','0.00001425','9.62',NULL),(123,1,'Decentraland','MANA','https://www.cryptocompare.com/media/1383903/mana.png','Binance','www.binance.com','0.00001050','0.00001090','0.00001150','0.00001350','0.00001000','2018-08-22 11:06:16','2018-08-24 11:30:07','0.00001068','0.00001045','0.00001013','0.00000991','0.00001001','0.00001038','0.00001027','B',NULL,'-0.48','-3.52','-5.62','-4.67','-1.14','-2.19','0.00001068','1.71',NULL),(124,1,'Litecoin','LTC','https://www.cryptocompare.com/media/19782/litecoin-logo.png','Binance','www.binance.com','0.008652','0.008892','0.009105','0.009272','0.008272','2018-08-23 14:14:03','2018-08-25 16:32:30','0.00877400','0.00883800','0.00877000','0.00873700','0.00866800','0.00870400','0.00861000','B','1.41','2.15','1.36','0.98','0.18','0.60','-0.49','0.00883800','2.15',NULL),(125,1,'Cardano','ADA','https://www.cryptocompare.com/media/12318177/ada.png','Binance','www.binance.com','0.00001420','0.00001492','0.00001510','0.00001580','0.00001375','2018-08-23 14:16:54','2018-08-25 16:32:29','0.00001420','0.00001424','0.00001416','0.00001400','0.00001410','0.00001405','0.00001405','B',NULL,'0.28','-0.28','-1.41','-0.70','-1.06','-1.06','0.00001424','0.28',NULL),(126,1,'eBoost','EBST','https://www.cryptocompare.com/media/14913431/ebst.png','Binance','www.binance.com','0.00000730','0.00000790','0.00000830','0.00000930','0.00000675','2018-08-23 14:18:54','2018-08-25 16:32:29','0.00000843','0.00000854','0.00000854','0.00000840','0.00000853','0.00000832','0.00000829','B','15.48','16.99','16.99','15.07','16.85','13.97','13.56','0.00000854','16.99',NULL),(127,1,'Cardano','ADA','https://www.cryptocompare.com/media/12318177/ada.png','Binance','www.binance.com','0.00001458','0.00001521','0.00001622','0.00001725','0.00001361','2018-08-27 18:56:48','2018-08-29 20:34:27','0.00001468','0.00001456','0.00001468','0.00001464','0.00001491','0.00001482','0.00001505','B','0.69','-0.14','0.69','0.41','2.26','1.65','3.22','0.00001505','3.22',NULL),(128,1,'Populous','PPT','https://www.cryptocompare.com/media/1383747/ppt.png','Binance','www.binance.com','0.0006666','0.0006722','0.0006786','0.0006821','0.0006550','2018-08-28 06:28:21','2018-08-30 06:44:46','0.00067170','0.00066950','0.00067630','0.00067560','0.00065930','0.00067110','0.00061750','B','0.77','0.44','1.46','1.35','-1.10','0.68','-7.37','0.00067630','1.46',NULL),(134,1,'QuarkChain','QKC','https://www.cryptocompare.com/media/33434307/qkc.jpg','Binance','www.binance.com','0.00000490','0.00000510','0.00000560','0.00000590','0.00000430','2018-08-30 12:18:58','2018-09-01 16:14:52','0.00000493','0.00000498','0.00000527','0.00000521','0.00000530','0.00000536','0.00000545','B','0.61','1.63','7.55','6.33','8.16','9.39','11.22','0.00000545','11.22',NULL),(135,1,'Verge','XVG','https://www.cryptocompare.com/media/12318032/xvg.png','Binance','www.binance.com','0.00000191','0.00000221','0.00000252','0.00000255','0.00000185','2018-08-30 12:21:12','2018-09-01 16:14:52','0.00000198','0.00000198','0.00000202','0.00000203','0.00000205','0.00000206','0.00000250','B','3.66','3.66','5.76','6.28','7.33','7.85','30.89','0.00000250','30.89',NULL),(136,1,'LomoCoin','LMC','https://www.cryptocompare.com/media/1383139/lmc.png','Bittrex','www.bittrex.com','0.00000190','0.00000220','0.00000250','0.00000266','0.00000170','2018-08-30 12:22:29','2018-09-01 16:14:51','0.00000190','0.00000190','0.00000185','0.00000195','0.00000195','0.00000185','0.00000193','B','0.00','0.00','-2.63','2.63','2.63','-2.63','1.58','0.00000195','2.63',NULL),(137,1,'Cardano','ADA','https://www.cryptocompare.com/media/12318177/ada.png','Binance','www.binance.com','0.00001417','0.00001467','0.00001499','0.00001557','0.00001351','2018-09-03 17:00:22','2018-09-05 17:42:22','0.00001428','0.00001431','0.00001436','0.00001429','0.00001437','0.00001430','0.00001286','B','0.78','0.99','1.34','0.85','1.41','0.92','-9.24','0.00001437','1.41',NULL),(138,1,'Waves','WAVES','https://www.cryptocompare.com/media/27010639/waves2.png','Binance','www.binance.com','0.0003025','0.0003077','0.0003099','0.0003183','0.0002936','2018-09-06 17:16:13','2018-09-08 17:21:20','0.00030350','0.00030370','0.00030380','0.00030360','0.00029260','0.00029150','0.00031300','B',NULL,'0.40','0.43','0.36','-3.27','-3.64','3.47','0.00031300','3.47',NULL);
/*!40000 ALTER TABLE `signals` ENABLE KEYS */;
UNLOCK TABLES;

--
-- Table structure for table `users`
--

DROP TABLE IF EXISTS `users`;
/*!40101 SET @saved_cs_client     = @@character_set_client */;
/*!40101 SET character_set_client = utf8 */;
CREATE TABLE `users` (
  `id` int(10) unsigned NOT NULL AUTO_INCREMENT,
  `membresia_id` int(10) unsigned NOT NULL,
  `nickname` varchar(191) COLLATE utf8mb4_unicode_ci NOT NULL,
  `name` varchar(191) COLLATE utf8mb4_unicode_ci NOT NULL,
  `lastname` varchar(191) COLLATE utf8mb4_unicode_ci NOT NULL,
  `email` varchar(191) COLLATE utf8mb4_unicode_ci NOT NULL,
  `cellphone` varchar(191) COLLATE utf8mb4_unicode_ci NOT NULL,
  `password` varchar(191) COLLATE utf8mb4_unicode_ci DEFAULT NULL,
  `wallet` varchar(191) COLLATE utf8mb4_unicode_ci NOT NULL DEFAULT '',
  `id_referidor` int(11) DEFAULT NULL,
  `estado` int(11) NOT NULL DEFAULT '1',
  `nivel` int(11) NOT NULL DEFAULT '1',
  `cnivel1` int(11) NOT NULL DEFAULT '0',
  `cnivel2` int(11) NOT NULL DEFAULT '0',
  `cnivel3` int(11) NOT NULL DEFAULT '0',
  `role` varchar(191) COLLATE utf8mb4_unicode_ci NOT NULL DEFAULT 'user',
  `remember_token` varchar(100) COLLATE utf8mb4_unicode_ci DEFAULT NULL,
  `created_at` timestamp NULL DEFAULT NULL,
  `updated_at` timestamp NULL DEFAULT NULL,
  `facebook_id` varchar(191) COLLATE utf8mb4_unicode_ci DEFAULT NULL,
  `google_id` varchar(191) COLLATE utf8mb4_unicode_ci DEFAULT NULL,
  `github_id` varchar(191) COLLATE utf8mb4_unicode_ci DEFAULT NULL,
  PRIMARY KEY (`id`),
  UNIQUE KEY `users_nickname_unique` (`nickname`),
  UNIQUE KEY `users_email_unique` (`email`),
  KEY `users_membresia_id_foreign` (`membresia_id`),
  CONSTRAINT `users_membresia_id_foreign` FOREIGN KEY (`membresia_id`) REFERENCES `membresia` (`id`)
) ENGINE=InnoDB AUTO_INCREMENT=157 DEFAULT CHARSET=utf8mb4 COLLATE=utf8mb4_unicode_ci;
/*!40101 SET character_set_client = @saved_cs_client */;

--
-- Dumping data for table `users`
--

LOCK TABLES `users` WRITE;
/*!40000 ALTER TABLE `users` DISABLE KEYS */;
INSERT INTO `users` VALUES (1,4,'creex','CEO','MASTER','ceo@grupocreex.com','996005788','$2y$10$8bw6G7PByMFomWHoNLqN0.WaB7UwQV2xeFzg1JBjg1OP6qEXjjh8q','',NULL,1,1,0,0,0,'user','3OalCXdgVhoTut7SFH4momEPb2J65jlVaxGwpAXaGdKPVjPHXX90BiLN87d3',NULL,'2018-08-09 22:24:40',NULL,NULL,NULL),(2,4,'ADMINISTRADOR','ADMIN','Grupo Creex','administracion@grupocreex.com','996005788','$2y$10$JZ5Z/37lPBhgtUbCPQAqc.71HmykVJWINh4nRUilT9yt9cmfMoD8i','',1,1,1,0,0,0,'admin','0RT5Te2UMKMN6vzFusKvjxhJt1dYcS76TVzMibSh1TvL3gAWWmuEG9iQ25Q0','2018-07-21 07:18:52','2018-07-21 07:18:52',NULL,NULL,NULL),(3,4,'soporte','Soporte','Grupo Creex','soporte@grupocreex.com','996005788','$2y$10$8lXQp3eE3fosp/y5kesWduJE2lF84PEcw8B4OMCXEz0KyqYtllMNS','',1,1,1,0,0,0,'admin','LBscZJvngCpIPqoxSG8KX3IpWWAMlET0PGnzp4rXXrIMYquSiV5hPwn5QRnY','2018-07-21 07:20:35','2018-07-21 07:20:35',NULL,NULL,NULL),(4,2,'developer','Developer','Grupo Creex','programacion@grupocreex.com','996005788','$2y$10$RagS2WVZgbqShStdXhETDOHFZ2/pGF8pSRjoDrheCSfqYZocowOsG','',1,1,1,0,0,0,'user','NEIU03VrwZ9reuNfEig0Te6v6DPmhnlGBFfus9flA8zuGfRU6qgxo4pfa9Wy','2018-07-21 07:22:23','2018-09-03 14:27:40',NULL,NULL,NULL),(5,4,'gestion','Gestion','Grupo Creex','gestion@grupocreex.com','996005788','$2y$10$8lXQp3eE3fosp/y5kesWduJE2lF84PEcw8B4OMCXEz0KyqYtllMNS','',1,1,1,0,0,0,'trader','jz5IRySXThI2AJtzjKV6bDmT0rwSG0qy6rE0HEuRkpCSzuuWGIFXCePqU2ta','2018-07-21 07:23:51','2018-07-21 07:23:51',NULL,NULL,NULL),(6,3,'denis12018','Denis','Gutierrez','denisesteban12@gmail.com','0050432091884','$2y$10$R97BSWdFIKNQObuJJtbONe1NoT3Mw0a/w5B8.UXtJtka0dbCHONzu','',1,1,1,0,0,0,'user','cSzyNxRZIUNEUDgbtrnIaESRKXMKeU4Fsy0NBWXD5Jglfw3bv2QSrBAmNvXG','2018-07-21 07:30:45','2018-08-13 16:31:18',NULL,NULL,NULL),(7,1,'Hdhd','Steven','Sánchez González','sanchez.ssg67@gmail.com','60463141','$2y$10$4mLnNFWNhh5u7bhg2y90h.kG51bu5LuRvcUm2vh/FERcGRfUxOJM.','3KpJPRt9VEpJXRmqgyvC85sRzfNBCTubbo',6,1,1,0,0,0,'user','UWQtyvy92tlct7fsyxLoVPj1gvCSX2dJc67dj8fsejlwXttdcVYbCe8XUwih','2018-07-21 07:32:06','2018-07-31 11:22:03',NULL,NULL,NULL),(8,1,'edgardof18','Edgardo Florentino','Barahona Mejia','edgarbarahona_28@hotmail.com','50494779703','$2y$10$U9oum2JNqPhxyafO6KhZSO62cmMVPm8ps0fus9KlOTsMr2TEQ8JVm','3ExxVSYH4WbLWgVEGUduioX1tDbTEx4dED',6,1,1,0,0,0,'user','6CI3Q7uveY9ZkreB4ZRlHnB7cQvUCIjUFNmPKjgruaFlb60Yh03phgR5otuY','2018-07-21 07:33:10','2018-08-30 10:52:20',NULL,NULL,NULL),(9,1,'Ivan','Ivan Antonio','Gutierrez castellon','ivangutierrezcas1@gmail.com','0050499790547','$2y$10$UU2V5JP4gUEtrApFWTcURei5MY3Es5B6I8SqUzd3b6k9g1YAsinAe','37aMvmxbjCB7iJ7CwuwMBSxwTyTsFoQqyX',6,1,1,0,0,0,'user','quuHrkalS0Qa0mCmEgAkmfyI99pVbXTecPNWGfGv45s0fjrj7jM3WepKEoPJ','2018-07-21 07:34:45','2018-09-04 07:01:39',NULL,NULL,NULL),(10,4,'mgrafael','Rafael','Monroy','Mografael@gmail.com','573183402158','$2y$10$Q7wjcHJMGAHdmufAfs1e.uzVXAISja.rpahaZmq8MiUC01gLV41Y.','',1,1,1,0,0,0,'user','rgtzIUTfUopqwrC0IEr88Cz7JnLnWm4ebhjxwlHGj9BvKtwYNwgjGtfYoDku','2018-07-21 07:36:52','2018-08-28 16:10:01',NULL,NULL,NULL),(11,4,'CJARA31194','Carkis','Muñoz','cmunozjara82@gmail.com','+573014239728','$2y$10$QWGzpcjoEf3ii9P/RZUTxOVtgpMC4xXFg/XNXTs7HD0hVfT9qzMWq','',1,1,1,0,0,0,'user','TX9iUeozhqCKi6K1fqlbFe3ugFnUV4Rn5tOWUDpM5lWYA2YJi98XKahsd8Q7','2018-07-21 07:38:11','2018-07-21 07:38:11',NULL,NULL,NULL),(12,1,'legendary','legendary','Legndaryevol','Juverronny1998@gmail.com','993490009','$2y$10$yY2HUM.gj4PfHHy/QoZa..BLsrZT4QQGxA1r05Ao7/hmEU1Q0nA92','',1,1,1,0,0,0,'user','gvD5zCn9MReIaZKzyeOAUthSSozbCvX0I4WMlfhkyyo1mqw7SsaOrvSRltrx','2018-07-21 07:39:31','2018-07-21 15:04:16',NULL,NULL,NULL),(13,2,'jaimevillavalle','JAIME','VILLANUEVA','jaimealbertovillavalle@gmail.com','50683936449','$2y$10$0Ah1rH4kLwVFJ2St4EzmxuqfBNRxTneAZWBcn3Ehzf2XF.ge7mEHC','1QAPgZ4hmvUyQWkm8K8VXpLL2r6gNa9DSU',6,1,1,0,0,0,'user','xyVmWlzUdkQIzIjj4beyGLt3XI0XcW9qsX2RtgYjv79m2rRIeoD2GnTycjwe','2018-07-21 07:41:20','2018-08-01 07:30:02',NULL,NULL,NULL),(14,4,'building4success2','Elideth','Abreu','drelideabreu@gmail.com','8013811928','$2y$10$EXehIzoGeQRS6VG0t2f3qemQNumki5QeHlBIJogTALZNCx1xE9c9W','',1,1,1,0,0,0,'user','m9viR5RdjsnUraKpUrAjHrRqv9P9KFRvaevnvFRPtXX6gHx4NXvvBR1WjfnL','2018-07-21 07:42:46','2018-07-21 07:42:46',NULL,NULL,NULL),(15,4,'isaac','Francisco','Suero','Francisco@fsc.com.do','8096399999','$2y$10$8lXQp3eE3fosp/y5kesWduJE2lF84PEcw8B4OMCXEz0KyqYtllMNS','',1,1,1,0,0,0,'user','cU5K9Y3FoQveC0RJH2Pd7v3DCwc3oFCbou56SzyBSetItZX1uJIJtfuo8gVh','2018-07-21 07:43:56','2018-07-21 07:43:56',NULL,NULL,NULL),(16,1,'taquesbrasil','Maikon','Taques','taquesbrasil@gmail.com','551998166-4002','$2y$10$8KVxlzU67ET06hLK7Y1.2O5JL1Hp8eldkvI5G1pPS9L4fNjvZ81Bi','',1,1,1,0,0,0,'user','lWYX80SwFX9wssGadJUso0qAUZD8uyN452DfLGGRJVKWNEV69oAvNGPGBDTr','2018-07-21 07:44:57','2018-07-21 07:44:57',NULL,NULL,NULL),(17,4,'Mesparza','Marco','Esparza','marco.esparza.montejo@gmail.com','956381996','$2y$10$6CeG8ootcSlPv3nwWaMe0OrmxGb49flsoBJCiy7e58XD.EvJu2C8O','',1,1,1,0,0,0,'user','FOuZKnfwYpaS1dOZDqdDPOgyEmM0fVwF2ZSkD5Zl94f9JzZmrKhU5WlAUDg3','2018-07-21 07:50:27','2018-07-21 07:50:27',NULL,NULL,NULL),(18,1,'Diana','Di','Cely','dicelybooking@gmail.com','+573219120018','$2y$10$c73ikxO0ggB7Te5g4LYzgu8.8lnD/XovjGktj6g1wx3BhtccThsX.','',1,1,1,0,0,0,'user','r0BtC5fzXQddDaKwsKFB6W06RFVqyW8NIUEOF262Gj5ReefXDujsG2wOwcNL','2018-07-21 07:53:51','2018-08-10 20:26:03',NULL,NULL,NULL),(19,1,'edgardocreex12018','Edgardo','Barahona','barahonaedgar0@gmail.com','50494779703','$2y$10$Nzb9fCi4kaHzuLOz7tZIuuqfryhEJcfUbtQVNnMLl3xRyAIUd0aQm','',6,1,1,0,0,0,'user','I03T8b2TDxk5kY7KPK6tBbzySG8JNBdRMsrFQoAZBfrGtJ74xQ05O4QBIy18','2018-07-21 07:55:57','2018-07-21 07:55:57',NULL,NULL,NULL),(20,1,'eochoab','Eduardo','Ochoa','eduardo.ochoa07@gmail.com','+5939961315666','$2y$10$kOn2vFXVydJCxBJwL1mRMOSg1hqQ42Ve2AP5sX4uR7P0syHX6PCO2','',1,1,1,0,0,0,'user','xrPdfrYbMRA52dMsPf02I0o4SJwJYbQwtDBeNVTK1R418NGrtx5F4RWX8D80','2018-07-21 07:57:08','2018-07-21 07:57:08',NULL,NULL,NULL),(21,2,'willwong','Wilgen','Wong','wilgen04@gmail.com','32031116','$2y$10$xAheYKRoNm7f3yOOCW8PH.wlo54chIzkGY6nrzdGryxHF0dqRGFFe','3MUgaEir9Zh15EXCMaVGQZLSkZ4wzaXGpH',6,1,1,0,0,0,'user','D2QAM2GUP40lGAHIq2iafiCphxeGnhdtALhL0Syqgc6PNlQojLRHQWIQHX8y','2018-07-21 07:58:43','2018-08-01 11:20:43',NULL,NULL,NULL),(22,1,'rene12018','Irvin','Wong Chavez','irvinwong2013@gmail.com','95725965','$2y$10$uwuaB9gMyvh1uVkYf9x/4uIZrCC3SR/m9ncudjYvNZKRqjLfKkKwa','',21,1,1,0,0,0,'user','KbzarBrOLCsS3D4KG2Zi5cNkeyKDWHQgyeB9iW3mj9WLnensv99malMZDKNQ','2018-07-21 08:00:29','2018-07-21 08:00:29',NULL,NULL,NULL),(23,2,'leo12018','Carlos','Paguada','cabejean@hotmail.com','94716808','$2y$10$.OVzJV6rFGaJiGiYa9PD9eMJ1jmlmz.qug2Zda1hjX6trVXhW.V2y','',21,1,1,0,0,0,'user','WmXp7jkzdC2kSOO31lKZtE2SqHUGxgoIdjGO8la7ynxv5FDWoLScohXZY0oj','2018-07-21 08:02:12','2018-07-21 08:02:12',NULL,NULL,NULL),(24,1,'carlossv12018','Carlos','Zepeda','carloszepedacornejo@gmail.com','0050370495645','$2y$10$AWkJY/6vatM36Etw.bCJzOXsfDjCwCfTji1aPNl4aOBI4MM5iVncO','3F7QWgPhDC29GcmuwrWiAjkC6JfG3zn3Nm',6,1,1,0,0,0,'user','dMvkSy9p3Z4LBiI9Fljqhp8EBLAE4ntwf0sZmgzXTg4tgF5ZWwUJ1yMNTJ0i','2018-07-21 08:03:46','2018-08-03 11:34:45',NULL,NULL,NULL),(25,1,'FabianMejia','Fabian','Mejia','fa.mejia@hotmail.com','0050660297473','$2y$10$eQtKo81JOYN50ErihiifqeSmcWJikP2xEC6c1/sScbtFPOd5rAysy','12YLGhqKBLHJqRBBquUpC6SjmTWTy1XXWu',13,1,1,0,0,0,'user','dJQhxyWSSApvfzLgIOGqDEVO0VXrMRQBqUo3rjh0Kve2Of7EyxfrWpbfguWH','2018-07-21 08:05:09','2018-08-13 08:24:31',NULL,NULL,NULL),(26,1,'davismimo','David','Fajardo','davismimofajardo@gmail.com','79062925','$2y$10$rNuvGEjtzcSr/umLYy3LNuylsXIuDbAMEGOHiidl0pynqEdJka43y','',21,1,1,0,0,0,'user','vMuFJwxc6cpiJuwyZt3kPURVNy7qTcL1RNf69oTukzi9wx6YBFfG9Wjh5zWf','2018-07-21 08:06:33','2018-08-08 22:51:34',NULL,NULL,NULL),(27,1,'jiriast01','Victor','Irias','torvicirias@gmail.com','9592-0300','$2y$10$IlSJVCDnM5hHgyQ4nG37dOrqDzAOHwZZfU/Ye/16YpKab3k18Ovhu','',21,1,1,0,0,0,'user','R04lhs0nXk6kdbLgxK60sHLR0kYeYWAeXlFcNKvNrH4snxys5s33fG4zbFse','2018-07-21 08:07:57','2018-08-01 11:39:05',NULL,NULL,NULL),(28,1,'a.fongut','Armando','Fonseca Fonseca','logisticacomercialcr@gmail.com','83026965','$2y$10$UHBqXXBN6peOP6hH2A6..uL8X4uXfs/k6FUZAxqknlNCAgL3Ugmk.','13N4cqeTGg3Ug5VM3DCyTuzjSGutAfasTF',25,1,1,0,0,0,'user','HugZ1cNhl02SBgTeE1hkeaEgE4SPtDU8fI0j91mY8ygrKpMUOyRCB2adyt6o','2018-07-21 08:10:12','2018-08-01 08:01:56',NULL,NULL,NULL),(29,1,'pacson777','Marlon','Chavez','pacson777@gmail.com','99573868','$2y$10$Pefw/Ht7bT8jh4EQ9b5TUe/YwsHMpq1ClW1gCQCYUh1wocj1gZjgi','',23,1,1,0,0,0,'user','lsPGpzbiUTgRRQDgSe0VS65fP6MlkmK0cgWRAqGG8Sswtq18fKBmoIq8KMqb','2018-07-21 08:12:11','2018-07-21 08:12:11',NULL,NULL,NULL),(30,1,'MaurenTatiana','Mauren Tatiana','Gonzalez Herrera','mautati2@gmail.com','87101223','$2y$10$OEcsuWsyAgbgZ94gEcrM8.hOGDMp7vJnNORxTr1AK.Ro5gFqBdoAe','',25,1,1,0,0,0,'user','PYzdt8PL3HMqHXUTVgZVGfS3Qv6Ys2pP0G7373e04kGDpVKKLVQ4EQA60hVy','2018-07-21 08:14:00','2018-08-05 11:55:24',NULL,NULL,NULL),(31,4,'JoseMBit','José','Meléndez','bitcoinaddperu@gmail.com','916431925','$2y$10$TLOj1YhJdl/3Fm9bNCODHuKEgfK3HVTcch3qi1PylsEpgKVgqxjoq','1Kh2sreLE4eEECjJkkyYs1AisgpqBmFCfn',1,1,1,0,0,0,'user','AApIOiGC0If7aP2hNPKeVIYblK1VKgfzJR0eYaPwOpXrjPhPZYAKFrCV2jBn','2018-07-21 08:16:05','2018-09-03 09:36:33',NULL,NULL,NULL),(32,1,'Claudiopips','Claudio','Alvarez','claudioalvarez93@hotmail.com','71469036','$2y$10$8lXQp3eE3fosp/y5kesWduJE2lF84PEcw8B4OMCXEz0KyqYtllMNS','1FVSLy43HmkBUPnKLxN6smpBzAb4pUdzjc',28,1,1,0,0,0,'user','i6eKKTw8ZBottwVeqjnotNGyknuDYG8KToGtRSh7RaKKySb0Js0JCN45i4vH','2018-07-21 08:19:31','2018-08-21 20:40:42',NULL,NULL,NULL),(33,1,'Giovanoti1','Giovanny Alexander','Cubillos Murillo','giovanoti2@gmail.com','573134054399','$2y$10$5LJ6ul95zCIJ43a26SMuDOEMXdWey/83IMFmPtiJZmgPJY924Vvt2','',1,1,1,0,0,0,'user','mgQMcBNNT0EoAuF4T4J8vHbPZXOn9ilTn14XSE535WVGNqHgpYhMunPbut3P','2018-07-21 08:22:13','2018-07-21 14:47:13',NULL,NULL,NULL),(34,1,'Randall95','Randall','Montero','ranrome95@outlook.com','50684485955','$2y$10$cDt8YQ5GLE84zcDrAJFRpeHj4WqxfbDewXHgvMk8Cwo8.KH5FAf0C','',7,1,1,0,0,0,'user','Gpsig0jdEKIEmndwLObMv0aKCmsisdYTGCI3gOYCdAcKXigYnp8RX7cWV1y7','2018-07-21 08:23:49','2018-07-21 08:23:49',NULL,NULL,NULL),(35,1,'bernyva94','Berny','Vega','berny.big.business@hotmail.com','86441468','$2y$10$0PSwfJzGBSCcGGSlZg/A9uHOARtTEgbdDGL1V4EytKgrTN/M.jFwm','',32,1,1,0,0,0,'user','HRXCRxQ4r1IEKG6jwecghukAGkA7vNzK6FcVcRx0MpvUpsCBtgyrHNLCVdyf','2018-07-21 08:25:26','2018-08-05 09:30:00',NULL,NULL,NULL),(36,1,'raul','Raul','Silva Reategui','silvatkd@yahoo.com','+51 964 278 775','$2y$10$8lXQp3eE3fosp/y5kesWduJE2lF84PEcw8B4OMCXEz0KyqYtllMNS','',1,1,1,0,0,0,'user','I3O4DEz1wtN1wFxRDYJzg5hfwPK6kxcn4OncK1vShwx3liaxGWvjPNvQWhiu','2018-07-21 08:26:43','2018-07-21 14:54:26',NULL,NULL,NULL),(37,1,'FabriPro','Fabricio Gonzalo','Pacahuala Garcia','fabriciopg2001@gmail.com','933838650','$2y$10$8lXQp3eE3fosp/y5kesWduJE2lF84PEcw8B4OMCXEz0KyqYtllMNS','',1,1,1,0,0,0,'user','NgFfSJYL0jhcA0lUEhMW7JYjlUKCpcr0lFb4ahXnMQQTaYb4VRtsBLNE3dln','2018-07-21 08:27:39','2018-07-21 08:27:39',NULL,NULL,NULL),(38,2,'jbrenes','Jairo','Brenes Delgado','jairo.brenes.delgado@gmail.com','00506 70125464','$2y$10$cDK/zOAoNseT8W0GwNV7n.EXTodsffSwbtXZdJ1RxDkc01yDQNwhS','',6,1,1,0,0,0,'user','YTH57ESbsZbBZllPYHmqATqme65eThCXOBOGnsXuy3CxWvLk1xU1YlTFEyrv','2018-07-22 18:39:36','2018-07-22 18:39:36',NULL,NULL,NULL),(39,1,'moncada28','Ramon Emmanuel','Moncada Nuñez','moncada2810@gmail.com','31559822','$2y$10$5LZkU/cEsEtdVuuMxxhNMOsmpjHv9JUcepUstRysAJhMkZr28umRy','',26,1,1,0,0,0,'user','2G3toQUE67EeeAZJNcmKFxhiCTTdvEPijQm9CKnI80fhnZNaMc7YOoPCDNM8','2018-07-22 22:15:38','2018-07-22 22:15:38',NULL,NULL,NULL),(40,1,'neurolab','Dante','Ayasta','gestion@neurolab.org.pe','51 980 447 263','$2y$10$8fSgH6rN8zhA3OcLbGNTMec7xBBBX6sJ1C5SqZPQ28z3meAlOd7R.','',1,1,1,0,0,0,'user',NULL,'2018-07-26 12:43:46','2018-07-26 12:59:07',NULL,NULL,NULL),(41,1,'J','Bettsy Diana','Olazabal Reyes','bettsitaor@gmail.com','999807728','$2y$10$U4LF.A3SiueeofZqHHiNmOU138soQeEE/joCkLa0YNfYwSFpL40Em','',1,1,1,0,0,0,'invitado',NULL,'2018-07-26 20:15:59','2018-07-26 20:15:59',NULL,NULL,NULL),(42,1,'fernandomuniz','Fernando','Muniz','fermuniz@protonmail.com','0034684012730','$2y$10$BGfWTS3McXxRjFlQw28sbelUyZuTi6z71HhWL.fieHUH.Ao3GYoKO','1FtL2zPPTqhn7pqHP4hH18hBJiuQCPrnwC',10,1,1,0,0,0,'user','NT5PS56D3vdtiRfjz5l0whU8kdpJHjg3ObjUG9WISu93Y6pIJXGFQgRnlxAa','2018-07-27 09:39:19','2018-08-30 02:49:34',NULL,NULL,NULL),(43,3,'sebas12018','Sebastian','Persant','sebas.persant@gmail.com','+50585802012','$2y$10$ghARNXyyvkO4UtIf1irC6O1DegSi8TC0fYn.ALxteQJIl9WXBn1vm','',6,1,1,0,0,0,'user','E6HiSXR19dbpGamOJDyHWugoGh3VAYWmqQwkqEUvfST5QKVmFhKAzoc63rWv','2018-07-27 16:08:48','2018-09-02 19:05:42',NULL,NULL,NULL),(44,1,'DenilsonChavarria','Denilson','Campos','camposchavarria08@gmai.com','50687485919','$2y$10$8lXQp3eE3fosp/y5kesWduJE2lF84PEcw8B4OMCXEz0KyqYtllMNS','',25,1,1,0,0,0,'user','irbk0OuuwlIUs974jXpCYmjAg9SRrlO4Bg1kv05HBSZafdlG4FJriJtBXZje','2018-07-27 17:36:12','2018-07-27 17:38:00',NULL,NULL,NULL),(45,2,'Carlosms','Carlos','Martinez','calberto_123@hotmail.com','96850459','$2y$10$hW22E50f4LzKwdqFDDX6c.zW9wFitYB4bX5lP2p7OM5S1pF5QQoxC','3MNYUPC3Cc64K37mA5M6as5uT57zpGwaiN',6,1,1,0,0,0,'user','W7FR3LY8VCQNPU60yBzJF5WaONsEoW3DZqNvuFPA1AIMzWhrPCIEA5mnsfw2','2018-07-28 16:47:47','2018-08-01 14:08:38',NULL,NULL,NULL),(46,1,'Ismael','Ismael','Carranza','ismaelkarranza@gmail.com','95328697','$2y$10$VwvXu3sUDEWVbiaxs18QV.fk4viBwveQ/jewzHgvslzKuuoxMZHGa','',45,1,1,0,0,0,'user','ZVoV5dVDhlRLlivp9dtcPcVrJRaHfAF7fTyGPREwi8STPjRi7LUXApP4IgyW','2018-07-30 12:00:24','2018-07-30 12:38:47',NULL,NULL,NULL),(47,1,'MIMOMIMO','DAVID','BOLANOS','davismimo@hotmail.com','79062925','$2y$10$OW2WRACnqnMCEwR/alhYO.D.on3001vzSvQYxjwpz46RKMeJoIJOu','',26,1,1,0,0,0,'invitado','ctxq5a0W3C2AOk08uKM7k3K9sdUmgsGKtJoECvOlt8ossD425qiusNxjmfOU','2018-07-30 16:32:12','2018-07-30 16:32:12',NULL,NULL,NULL),(48,1,'yolisgh','yolanda','gomez huertas','yolipau30@hotmail.com','3143705637','$2y$10$E97.Zw8DaJGGaUWDEmhf/.w0M45/VwJDV5TpnXOqvlxXbRUI4rNKO','',26,1,1,0,0,0,'user','SmZafA2aSKC54JFS0USXB5LjiBtHrMMTMK8Jk9WoOAVbW2nOmPRah0JMyNmW','2018-07-30 16:32:31','2018-07-30 16:35:48',NULL,NULL,NULL),(49,1,'KevinCambronero','Kevin','Cambronero','kcambronero442@gmail.com','50683530157','$2y$10$xczshgbkDz5eT6v90lyjhOeD2EbxZUeZYMu4BbM6yuvFsWy88mLOO','',30,1,1,0,0,0,'invitado','PRqJkA4jEweFl71VXW2C42tikkc1sUzJLwb6kwpVQGIKzywSO0tI3pNhRvvo','2018-07-30 19:51:10','2018-07-30 19:51:10',NULL,NULL,NULL),(50,1,'futuro2018','Walter','Vasquez','futurocomp@hotmail.com','+50487949469','$2y$10$pTGbifnX9Dzj2BpokbjDu.CUHo.3tHB6AoiOSIriVKPMTHPpWmROy','',8,1,1,0,0,0,'user','ef54BWAgq5kWD1JLeNK2dOKXCw0sqJ5PRN5KqqMvAYfPOvDnGZ7MXugRlj4u','2018-07-31 20:42:19','2018-08-01 20:34:31',NULL,NULL,NULL),(51,1,'Keren','Keren','Cantillano','jairo.brenes.delgado@intel.com','70125254','$2y$10$79D3dKTLHyjsLqcyR5foFOMctm2TeQWBGk.m00YebMkCFHd1RmRwu','',38,1,1,0,0,0,'invitado','dquoF6FNbk7pX12EfxRYaEuv2sttH3rkWLsiBqLzZgm9pvZK2HNtgIAckuWr','2018-08-01 08:06:08','2018-08-01 08:06:08',NULL,NULL,NULL),(52,1,'gutileo','Marvin','Gutierrez','gutileo@me.com','83354555','$2y$10$EKBrTX752xRB4onU4VvNGOAgFR8JqlgRY3zKrb7vqA7l4e/hH.A3i','',28,1,1,0,0,0,'user','xugLsb71ASKcG2rbDZ5jupPDcvWZUlOLFmTwDL2PeWHujEmu0zyd37drIA4n','2018-08-01 12:59:11','2018-08-02 18:19:10',NULL,NULL,NULL),(53,1,'GERMAN','GERMAN','AVILA LOPEZ','gavila10@gmail.com','0050683028408','$2y$10$xoFDKhPKrvJLmW/sR5qb3e3qKyWOmJj5Xawx.6eqCKKy8srlz4kqW','',13,1,1,0,0,0,'user','mw85JB4QBlw0QhZnBtqi1orUB5ZRJFFvB4cCI8TdArkBFIM1uSOVZPJagzp3','2018-08-01 17:12:50','2018-08-22 21:42:48',NULL,NULL,NULL),(54,1,'pablo2018','pablo','rojas','forex-chile@hotmail.com','51171716587','$2y$10$f2YLMMFIcInyxJbb0Fz57u7hj.tjcNhEUFXVrdIpQV/yKx6lbOOVe','',6,1,1,0,0,0,'invitado','qjMtlJ1zNv1r5DRHKiz49Jpn8Us7hRdtUQ2SlfLuI9uGl0cyFnyKFUgBbWLX','2018-08-01 21:41:23','2018-08-01 21:41:23',NULL,NULL,NULL),(55,1,'JBC12018','Jeannette','Borjas','jeannetteborjas@hotmail.com','50431412030','$2y$10$5hJdQgfZoOnnop479ji5zugiL0YjWazg6X4lxLSCTEonTj.UbhSni','32mdnhXsRRCJt3gPtA51psx1fkU799KAd1',8,1,1,0,0,0,'user','TuoR9uy7JyWsOWktKRr0xzvzeqyOno0q74RXubuiLpZXAwdXUoLKu9C1XQrb','2018-08-01 21:43:55','2018-08-04 19:14:39',NULL,NULL,NULL),(56,1,'Alejandra','Alejandra Maria','Mejia Cruz','mejiaalecruz@gmail.com','99805049','$2y$10$zZVfQHTLm7X3kPvqks0eXeINKfu5yZmx9KST..7EVf2TuCx8gzPk.','34LNS8r13gVEK6ZACTrXwcMNCvabfCueMZ',45,1,1,0,0,0,'user','dZFN4mZssCqfSpFjxPHdbkPJhptxpo6rZqKk2vSIRlfJ7eEzKtR6GPlnquHT','2018-08-03 08:52:41','2018-09-08 17:10:44',NULL,NULL,NULL),(57,1,'HMOLINA','Hayet','Molina','Vaegasshop@gmail.com','5616703562','$2y$10$eDAnTdIeDLbMAF9SPO9FfOgo.gKoZg7b/WRtWtccP7NdZbgOR4MhW','',1,1,1,0,0,0,'invitado',NULL,'2018-08-06 16:50:43','2018-08-06 16:50:43',NULL,NULL,NULL),(58,4,'Juan','Jesús','Rodriguez Castillo','dispensadoras.escuelas@gmail.com','7771055693','$2y$10$jziyFhNBAGw5dYV0N04AxOIBI2brcC61Qto88ldIbcLzht2fVbW/2','',1,1,1,0,0,0,'user',NULL,'2018-08-06 18:49:38','2018-08-06 18:49:38',NULL,NULL,NULL),(59,1,'Juangr','Juan','Guayasamin','antonioguayasamin@gmail.com','(593) 9080561036','$2y$10$AyXin6TnS0tyQzmtm4hyP.5H42Ylo6VEzOeNrGTUxRG.UlFIe2S8C','',1,1,1,0,0,0,'user','z5BOumru8WwjjK9TJlhaqLKfIFUDqTevHTINL3K1tgHq10PXvCtHycBDYQz4','2018-08-06 20:19:03','2018-08-06 20:19:03',NULL,NULL,NULL),(60,1,'fofosan','Rodolfo','Sanchez','rodosanfer@gmail.com','84608921','$2y$10$/QUKn/HjiYfQlmCqL.jiceX6kiXdGXUb5BpgEa5hoEWikoSOJH/Qu','',28,1,1,0,0,0,'user','3mOh1OvGyJtHRVk0lQTT5vKyh15gKzjTOtJqMvTZu6PZxBXX4KlbwWhqs7Py','2018-08-08 16:31:33','2018-08-08 16:33:20',NULL,NULL,NULL),(61,1,'libertad','jose','gonzalez','jjgonzalez.ven@gmail.com','573219271063','$2y$10$XWffua1YweiZOe5ox92oheYuBPVahiPLdKLeSvx8BcFaoFWNbZTpm','',1,1,1,0,0,0,'user','40LtwLVwXJdHJrN3YumROISHAfiGSl2j3PDH1UPJ9itseaxqewzwNtBYG9vE','2018-08-09 10:36:43','2018-08-09 10:36:43',NULL,NULL,NULL),(62,1,'Misuperdeporny','Ricardo','Forero','exitoytriunfony2017@gmail.com','13472851510','$2y$10$hdueP4y5UjwRRMJWlFcKv.Fy3jglX0.lxprnU2KmSsEbaoSeQ3mqm','',1,1,1,0,0,0,'invitado','9Qy443n984WMs33kdOqJk9k872sQKqUXQAxYCsUcJm6xj41c5mlmbj6V3eML','2018-08-09 12:08:32','2018-08-09 12:08:32',NULL,NULL,NULL),(63,1,'Erick.Hitch','Erick','Arroyo','eckarroyo@gmail.com','72799747','$2y$10$URJWZhu.GWhjICpwS.lUx.B6bjwUsDAOVefz2bUvdnxNzj8ty2Khq','',60,1,1,0,0,0,'user','8oeip8p1uodV5MYfFGoWn0NqutFZxuVzfjLXfDKFrEMaKuBv46e5w7gokUlO','2018-08-09 20:42:26','2018-08-09 20:46:43',NULL,NULL,NULL),(64,1,'maesy12018','Dunia','Miralda','maesymiralda@gmail.com','50671224746','$2y$10$QNKnHaoo7Xu5YnkpdKJt8.GDCP1QjQTT0ruQFzlBuzuImbLb1Y6sa','',13,1,1,0,0,0,'user','kePdLALw2k03FqRittarRQwGhoqL7eSe3hQ6tOiexTTM0KoTKCEkD0ydS94h','2018-08-10 17:08:26','2018-08-13 20:26:47',NULL,NULL,NULL),(65,1,'ChristJimenez','Christopher','Carrión Jiménez','Christcj1693@gmail.com','62699127','$2y$10$bnJMOWGF.GCinhbVajYm3ecKF.3Kol0tGEblseceNyRMcDpV7Tp2G','',38,1,1,0,0,0,'invitado',NULL,'2018-08-10 20:39:17','2018-08-10 20:39:17',NULL,NULL,NULL),(66,1,'Jaimegar','Jaime Orlandp','García Molina','jaimeorlando.garcia@gmail.com','22262037','$2y$10$V.KZzwjqQk0hcyiVAt4cXOpJ2o418g1aaTgWDHwLtO8.Zj2Z14DF2','',1,1,1,0,0,0,'invitado','3ckHXJX0XRAQ0oQErb3bjXIPdO5M4UoeGeiA7Vhku7p2Jjccdy2hbA34Kw1c','2018-08-11 11:25:24','2018-08-24 10:57:36',NULL,NULL,NULL),(67,10,'Nogue22','Andres','Noguera','ingresosonline01@gmail.com','50670943389','$2y$10$eidLbLzBN0THksYf6Odd.eWWIo8o0ybuRSS2NdQB2kDC5P7ouG1dG','',38,1,1,0,0,0,'user','3NFJKs20cYuGn02b3rFcRTjxBVAq72J6pl64GWwsGQ8BJAS3boPyCXdvuwbV','2018-08-11 22:04:42','2018-08-11 22:04:42',NULL,NULL,NULL),(68,1,'claroolacell','alberto','cain','cainalberto5@gmail.com','0991228367','$2y$10$N3Z96Q1XtFdcwIemKcphSeyEMTkj1owXFIHCSIue/3s8IqTvRKeSy','',28,1,1,0,0,0,'invitado','DrxlEqxdTlIyIUixZfMfI3vd9dccD2suwGqc11NMhkSa3hbnP2DZBxeGnM2H','2018-08-12 12:46:56','2018-08-12 12:46:56',NULL,NULL,NULL),(69,1,'Lord','ALEJANDRO','MUÑOZ BERNAL','alemunoz.cal@gmail.com','+573023762980','$2y$10$5vGuTrQtBHpIztqz2y8L5Oe1kysYPRWZhMUiEDN4f1fX3yeZZG..m','',64,1,1,0,0,0,'user','z6IuL5cPoBLWvdqWMLDmvIX3CUeTNpajIc0JyOoVZXeEDuH1fEjmBV5mbKhM','2018-08-13 16:19:09','2018-08-13 16:23:44',NULL,NULL,NULL),(70,1,'luis yepez','luis','yepez','luisfyepezr@hotmail.com','04145285614','$2y$10$ssFXdxXFMTHRHRlhUFGTyujadW/Cl58778fBFvjNOQYR3IbgLUYLO','',61,1,1,0,0,0,'user','hrsFLdhxkKeTWE9BacKnWo1CkjBP95KWXtdiJAi6YDg64zBtLOQqvQCp7ONN','2018-08-13 19:32:56','2018-08-14 10:18:24',NULL,NULL,NULL),(71,1,'tavocoach7','GUSTAVO','MEJIA JIMENEZ','tavocoach7@gmail.com','+573013419304','$2y$10$gteRfxe.3p1Tng03NnGZCuoXWK3rWUUP6Wq1FHi14fnkMInQ2ziCK','',64,1,1,0,0,0,'user','LL9Uf4dQCBJHPmVkBrzucdTX9LULrZoZATH9mKTwFPvfeRJ6IMwiN3T2s4c2','2018-08-13 20:06:38','2018-08-13 20:58:44',NULL,NULL,NULL),(72,1,'aaronazul','Cristian','Ramirez','cmarceloramirez111@gmail.com','+541166860712','$2y$10$ZI/.mLRZ5IuXR9TTgjaDaOh2eUoDzx8rsS86bDIj/eqgsGN788ouO','',77,1,1,0,0,0,'user','yG9tjSHxwVGvYzPcH7dzIoMszuL7QVVFcwmyX7RFm5GK5D3oIICZg86QylYU','2018-08-14 11:20:19','2018-08-22 12:33:58',NULL,NULL,NULL),(73,1,'kamovargas','Camilo','Vargas','kamovargasg@gmail.com','573183623124','$2y$10$jpyiyLlDygmlfknsrFKJGeeUMPPd9ZOP.dxGOiIwvCmaV2Yw/p2ja','',77,1,1,0,0,0,'user','wufOs4VfvTM6hRuQehJolXkGddlcXY6ujv34C1HG9hKxHbfgRfuJ3fdwdlhV','2018-08-14 14:00:39','2018-08-16 08:55:42',NULL,NULL,NULL),(74,1,'helore86','Lorena','Betancour','helobemu@gmail.com','573006867522','$2y$10$6h41/Vo5A5BqrSwUfo8LX.vagnID4tueGqBXrk.TCcVxYFQ/nfswW','',77,1,1,0,0,0,'user','whf9n57T7f00zovVy5b7G5LSSWmqq0EgyR0QYqCslEmWOTvUu16gdcSDKiQV','2018-08-14 14:11:27','2018-08-26 05:22:19',NULL,NULL,NULL),(75,1,'josephpro','Joseph','Medina','josue-99_1@hotmail.com','51947237555','$2y$10$RihlNSh3QH171apvGP/pZOm.WKwCzvzPG23/fRgcdpkwDFqHGLo1a','',37,1,1,0,0,0,'user','War65tx2hHGlWg2LBZULifGjfaXs9doXHg853StmUkWvxW4i47ZIqVKbDYVX','2018-08-14 17:21:04','2018-08-14 17:23:58',NULL,NULL,NULL),(76,1,'Pablo','Pablo','Cháves martinez','PauloChavez02@hotmail.com','85146835','$2y$10$0x3YYTsKEfUyHY4jzgpPkuw96ZGdU1ZuhZTD9jjRerBk4JhIYTkQ6','',38,1,1,0,0,0,'invitado',NULL,'2018-08-14 18:45:48','2018-08-14 18:45:48',NULL,NULL,NULL),(77,1,'mastercolombia','Embajadores','Colombia','alemunoz.cal@hotmail.com','573023762980','$2y$10$zu8rjGwRtkSYGosiGPnBD.H0Obkdiep3BbhCfvZrh3x4KCe1RHd/G','',71,1,1,0,0,0,'user','NjUSjIsySoYicq5jh2yyAHfwOQVI2MEcJujEBx61kbXkMyVohEIxoVaI9Jfr','2018-08-14 22:38:39','2018-08-14 22:41:30',NULL,NULL,NULL),(78,1,'juancardona524','Juan David','Cardona Hernandez','juan_david383@hotmail.com','573209651037','$2y$10$XByTbTM/Yap3DWMfXTXWmOQ2/Z0EOP/C9Nui9cVM9/rN6uY4tT/Wa','',77,1,1,0,0,0,'user','I6jZ5OZdcdyQafENPeyCeuCsV9XIYqTsMLdVZOZySPXfa0anfOjDLvoaKN1M','2018-08-14 22:49:58','2018-08-14 22:52:51',NULL,NULL,NULL),(80,1,'carlosro','carlos','rodriguez','carlosrowun@gmail.com','0050379210737','$2y$10$PoDG63RaEAlHTfYfNfMatuWOCc.IwfZt0xIbpiDmeZ6Oh0KrhGNHu','',6,1,1,0,0,0,'invitado','ZEvZ8gbnC62V0cmlouUXg5aiGR7SPJ6JTw7NBQJ9mYxGEuDJ2jadw6uri9El','2018-08-15 10:01:50','2018-08-15 10:01:50',NULL,NULL,NULL),(81,1,'BeatrizA','Beatriz','Vazque','bartaviav77@gmail.com','88228833','$2y$10$TAP6s/W/OJOlxQ1gSoFTyOBeUaJ3.ul/SRjcLBJB8DxC4CEyAS8Hy','',28,1,1,0,0,0,'invitado',NULL,'2018-08-16 11:45:43','2018-08-16 11:45:43',NULL,NULL,NULL),(82,1,'candidalaindia_1604@hotmail.com','Candida','Ortega','candidalaindia_1604@hotmail.com','+50433917768','$2y$10$6OuabK.1MlwqT5x0zw/nR.JwYvsIgwA3YJL/Y9k5Fg2ya092JEwp2','',9,1,1,0,0,0,'user','J0iGanJIaMpmgUlYgjt1XuU9PQSPSyNzTIgFm5CncYgJZlffZeIogb0i9tAH','2018-08-17 07:12:32','2018-08-17 15:27:39',NULL,NULL,NULL),(83,1,'DFDS1','Yineth','Rivero','yinethrivero@gmail.com','3112853016','$2y$10$ysM0uaRNKFeydNWUeL7CF.pN.SExBxJAud8SsehB/fp9WanndrhD6','',77,1,1,0,0,0,'user','dfFQm5URMx7v7MyVM8RZYWUrWUB7O4AfDtl8lX2lcEwWJcPaqWnRnis7YGuq','2018-08-18 10:09:31','2018-08-20 17:55:28',NULL,NULL,NULL),(84,1,'Ler354@hotmail.com','ANDRES','ARTAVIA DONOSO','Ler354@hotmail.com','83134845','$2y$10$rXad8T./tIAplZVgwZZQLekZxJYH5vHlocR6QErHy.v3GHPNLtIwG','',64,1,1,0,0,0,'invitado','Sc1n8Gob3WwHRDw3s9S48CrwMw8H7Mj5uOFyz8nWvFKILmQGLhMdgH6Cu8H1','2018-08-18 13:59:32','2018-08-18 13:59:32',NULL,NULL,NULL),(85,1,'CREEXCORPORATIVO','CREEX CORPORATIVO','CREEX CORP','jaimealbertovillavale@gmail.com','0050683936449','$2y$10$6ES5iKPsFppFwOrbWNkTdu2qh3SrRtPt.MXnrnJ7j3AVgdxwJJy5i','',28,1,1,0,0,0,'invitado','','2018-08-20 07:45:37','2018-08-20 16:04:05',NULL,NULL,NULL),(86,1,'Alexpardo1','Alex','Pardo','alepardo03@gmail.com','573167514857','$2y$10$6hgi8krkPtpxTxw1/AeqR.8C0qqxWRjoS6HwBJdiV9jPjhwX04Hui','',77,1,1,0,0,0,'user','ugQ30luLl7PPcQABsOHPpZqws7p8tJrUtLKZribN3nXecvJsiTzt2iXH2xOV','2018-08-20 16:55:12','2018-08-20 17:24:55',NULL,NULL,NULL),(87,1,'davidbataglia','David','Bataglia','davidbataglia2@gmail.com','+59','$2y$10$eIdo1VY8SJvWtXg3irCkNuTTY9NOLJZPJ7o.m7fcddkkdVrnd94GK','',1,1,1,0,0,0,'user',NULL,'2018-08-20 17:30:22','2018-08-20 17:33:29',NULL,NULL,NULL),(88,1,'YB','Yezid','Chartuni','YezChar@Yahoo.es','+15145121484','$2y$10$KFuK0P2WsgjjwCDURRCKhuxteT0v4nhuU.A/1tAY/sun5lhslFO1u','',55,1,1,0,0,0,'invitado',NULL,'2018-08-20 17:55:45','2018-08-20 17:55:45',NULL,NULL,NULL),(89,1,'maxixiques','MAXIMILIANO','XIQUES','maxixrmeister@gmail.com','83183845','$2y$10$DAy41aT0h1CXNexkRsAyS.22fxEAAfKCDbCOyv7Dh6ZXYfUv3uwvS','',64,1,1,0,0,0,'invitado',NULL,'2018-08-20 22:15:42','2018-08-20 22:15:42',NULL,NULL,NULL),(90,1,'ligiaquesada','Ligia','Quesada','ligianquesada@gmail.com','98880285','$2y$10$ZvK8l4E1dZg2HZEEqu5XgOAE8PlIso0d2k8jmnt35TovwhVdfX9tG','',22,1,1,0,0,0,'user','YoIh2L2XiWIANiWFy3r9kovFiwUWqxl15XkrrqoSADhyFlaJgu82z22FWCP6','2018-08-21 14:02:17','2018-08-21 14:09:25',NULL,NULL,NULL),(91,1,'giampiero','Giampiero','Bognini','giampiero@protonmail.com','0034655345683','$2y$10$xcMQMFWWEXwg/n7I2sG/oeBAV5obLAErdV0LAEFgKgraSVFUoErrC','',42,1,1,0,0,0,'user','5h9KdKuEC42gm3oOrwrniKv0AQbYbcScpTdcPg6AGau1pUkFD9B8nk3aZB6H','2018-08-21 16:14:40','2018-09-01 11:16:33',NULL,NULL,NULL),(92,1,'lina_gacha1','Lina','Gacha','lina.gacha1@gmail.com','573013714449','$2y$10$hchCmtNAofT0ghO/mZ9WH.dkLGmw4qo.SMN5sK7hnhgWTWAtzgHqK','',77,1,1,0,0,0,'user','yl8FdF0ZrWc9aWqobW79If2PJiQhtivV4HwiAYzAYxHn7IX19wAarFxHKaMe','2018-08-21 22:25:09','2018-09-05 21:08:17',NULL,NULL,NULL),(93,1,'bitcoinpremier','David','Mejia','davidstevenup@gmail.com','573007585202','$2y$10$9o2G658qLbxAf8xUklmWhefkwSD/a9/WIwhWO43taowQLPKe2CBKO','',92,1,1,0,0,0,'user','uS4YiIw8wsjLsyYtHS5SjMtJd4me58JleEUe1AVZNjsy9wWqSNCIMFBRgJeA','2018-08-21 22:42:05','2018-08-21 23:03:24',NULL,NULL,NULL),(94,1,'Fran Flores','Fransisco','Flores Munguía','franciscomafrey@gmail.com','70188985','$2y$10$pehOR3HrO0dg5.WiaQOdo.9FFYuFMk4d5qQCPHELX8SQLcwwQkt1S','',28,1,1,0,0,0,'user','c49fqdYJzLJiAIZIt4qGiTe8r2SMiZcGVo5Z5NXWGYuPqZSVwvRFz8DxHgNi','2018-08-22 20:09:02','2018-08-28 21:18:02',NULL,NULL,NULL),(95,1,'SandraTriana','Sandra','Triana','sanlitri1114@hotmail.com','3152693844','$2y$10$nMulXvo90MFz1oE5B6uPnOFcJlQqEEPQOwmKzXPcsJdl5qXyM3PVq','',73,1,1,0,0,0,'user','HT8fEuHV7p02wawX4l0IGrhjt0nTfaW7G19dbGP4lUaw21FbIlXyXUfhxJwv','2018-08-24 10:46:55','2018-08-25 08:14:57',NULL,NULL,NULL),(96,1,'Gabyza','Gaby','Zapata','gza64@hotmail.com','924450534','$2y$10$1pbfyxIg5c3IT6uloKcDtu2yTQeV4N.LuG2bxLo.rrEnJ311r75YK','',73,1,1,0,0,0,'user','bjjVHm5u3iLPcrxJuGMwex3076XFtMSFIjXJiD2qHqZh38ViywhG3XmpStwf','2018-08-24 10:56:22','2018-08-24 11:09:27',NULL,NULL,NULL),(97,6,'leodriven','Leonardo','Valdes Bonilla','leovaldesmindset@gmail.com','3045385361','$2y$10$gIJBi7tBxtTDhhPonRhKQezvX1RY29X.MZv6tjg4WwOg5IC4BYu/S','',77,1,1,0,0,0,'user',NULL,'2018-08-24 17:38:01','2018-08-27 15:27:40',NULL,NULL,NULL),(98,1,'SERSAIGUA','Sergio Alberto','Uyuquipa saigua','uyuquipa7@gmail.com','74320009','$2y$10$gb.m9GXz.H8pj7RGJOxce.vVBpGyJ3iIymOVdeCfck/wSKsUZfVYy','',1,1,1,0,0,0,'user','vz3PzxFuZGV1qdnRGWAYAxk2tBH62sUJSXLjY9L6k0XYuJlUTm2RdSqR1fhS','2018-08-24 22:09:24','2018-08-25 07:20:15',NULL,NULL,NULL),(99,7,'alejimenez2018','alejandra','jimenez','alejandrajimenezz13@gmail.com','0050433728134','$2y$10$enBnZRteUJkYNVt6/Pijv.sEpPt6nXOqI.2nhtBW1KivD1hh7SqE2','',55,1,1,0,0,0,'user','9HHH9TEqvnG0Wjys2M89erVbJGXOcKYrjWi2fhteNGPl93rkb32KozrKEgck','2018-08-26 15:02:20','2018-08-28 18:57:17',NULL,NULL,NULL),(100,7,'luismolina2018','luis','molina','luismolina045@gmail.com','0050431732455','$2y$10$MoxdJCk3QesifEII8SVO0eCkrQDeszC4ZIdk39qj4d4DKyqEkLh6K','',55,1,1,0,0,0,'user','a4dA7HWzxB8GMImlahl6VpjpF5o4PPK4SuZrEw3fc4jFJ3pW5zawKOFO67mo','2018-08-26 15:07:21','2018-08-28 09:07:19',NULL,NULL,NULL),(101,7,'diegom2018','diego','muñoz','jdiegomm06@gmail.com','0050494509429','$2y$10$XZHha3Hzsf7jyPwSOqTs3O4xZkJT0T8grup4QFym9ZEoHz/CGP64u','',6,1,1,0,0,0,'user','3eX3XNqy1cVnJm57ARSAdDdEONnH3lbCYNJV9iD87mkmOifdQ7QpZNBQ3GKS','2018-08-26 15:11:30','2018-08-27 21:45:57',NULL,NULL,NULL),(102,1,'Emprendora06','Arely','Martinez','arelymartinezsanchez.06@gmail.com','3008135076','$2y$10$8BYT3fSXFYuuV1ANBTscGuKYgmFRIcIsNoheIY9xO2IQoJXVxHiGO','',77,1,1,0,0,0,'invitado',NULL,'2018-08-27 08:18:24','2018-08-27 08:18:24',NULL,NULL,NULL),(103,1,'Javarela','Jorge','Varela','jorge1987varela@gmail.com','95714116','$2y$10$gHov0wIYNBRyLvds/1ty7OVFFs.uu/T412lajxnHEgcvwauSR/ECS','',9,1,1,0,0,0,'invitado','VHRmpz6Vasz69etYyqbdsTsdWEQedc3ArrnCkV6rL3lIlWk9eUpYQVUN3QEm','2018-08-27 14:54:07','2018-08-27 14:54:07',NULL,NULL,NULL),(104,1,'gjuare1','Gerzan','Juarez','gjuare1@gmail.com','94527204','$2y$10$81Gt10Hvl.PZow7b7FkLKuVj.buGVNjd2sEfIZvZguOuSWWT33Q.W','',9,1,1,0,0,0,'invitado','PUfI6WZyfN7oDN38GmSM9LzDdzOlgJrJRUnv4Ahz6ZSgVgkxlXTc8qo6shdN','2018-08-27 14:57:05','2018-08-27 14:57:05',NULL,NULL,NULL),(105,1,'denis2020','denis','gutierrez','empresapublicidad2017@gmail.com','0050432091884','$2y$10$0klHdyLdT3n9Femrpwl4uOGjE4Aghdvo2d9Z6nUsLcSCwohP7FkGW','',6,1,1,0,0,0,'invitado',NULL,'2018-08-27 19:56:58','2018-08-27 19:56:58',NULL,NULL,NULL),(106,1,'denis2030','denis','gutierrez','info@grupoilera.com','0050432091884','$2y$10$tzTOizUijIxGj11eCcZ8F.Dxwqxn1w/Af8HM8ExBGhdGvZsHSbwaq','',6,1,1,0,0,0,'invitado',NULL,'2018-08-27 19:59:15','2018-08-27 19:59:15',NULL,NULL,NULL),(107,6,'dleitoncr','Dennis','Leiton Quiros','dleiton8@gmail.com','88103640','$2y$10$qry6KQkI07tEcmKD8PU8uOIiHmA1jJBjTm96Cb/eQcfaLA6zPhkbW','',64,1,1,0,0,0,'user','dWigFF0mpLo52d1saRel1M7KapsdeGPNgqkrUCUgYfYA2moxIiWfmwY2CARr','2018-08-27 21:04:49','2018-08-28 09:12:38',NULL,NULL,NULL),(108,1,'Álvaro','Alexander','Reyes','alvaritolindo04@gmail.com','60187361','$2y$10$PmeKsLnUdzq/0AWsy1hx5.SIRtz88sT8wz1ChfdGnL9Q9cSXQUKry','',6,1,1,0,0,0,'invitado','X4ETxNzEMdijLY4JQiJhm4AXDJvQKPGgpfu75Ab3wGB3vO50mJSOC4MHH6a9','2018-08-27 21:28:09','2018-08-27 21:28:09',NULL,NULL,NULL),(109,1,'Latinoamerica','ezequiel','Melendez','ezequielmp@msn.com','692803405','$2y$10$ntgqnBxWKEQ.TAkSrVEeGeSkNrP1NpkssOR2yIpL6oltqABIrNKEW','',42,1,1,0,0,0,'invitado',NULL,'2018-08-28 06:01:34','2018-08-28 06:01:34',NULL,NULL,NULL),(110,1,'diego2019','diego','muñoz','denisesteban@gmail.com','0050432091884','$2y$10$mkj4vXEPsCW6PkqwxTBfkubuWL.XsvA6E2xONI0/fRLvlD4csCQnC','',6,1,1,0,0,0,'invitado',NULL,'2018-08-28 08:54:56','2018-08-28 08:54:56',NULL,NULL,NULL),(111,1,'RafaelMonroy','Rafael','Monroy','Rafaelmonroy@tclubacademy.com','3208821088','$2y$10$mhan8A.AGZtUED7nunC5UOHboxA/X88WqAj/tkZ9a5A4Udrfg6bpG','',10,1,1,0,0,0,'invitado','JtSzozny6R91sgVp2XdRKldiZ6bYt2ZJe1ylcYCemgDStje837jAFvKGHqF6','2018-08-28 09:30:11','2018-08-28 09:30:11',NULL,NULL,NULL),(112,1,'cvargas','Carlos','Vargas','carlitop_2010@hotmail.com','+591 67860430','$2y$10$N8b/UDLxUj/iNKfCU.oz3uweyQOXlNRwD17YoCpvKYt.22SFuMnZ2','',38,1,1,0,0,0,'invitado','B7G3qJZQDSSekcbl1dVOUewGEdTbGk7UOsvMZICwEv5FH8pe3TsWBD0SSJBd','2018-08-28 11:28:34','2018-08-28 11:28:34',NULL,NULL,NULL),(113,4,'rentasdigitales','Federico','Pozuelo Castillo','rentasdigitales@gmail.com','+507 6409-3989','$2y$10$kwxaPb7cDbTd16bCAlIgtOnCsHUl3mk.9g1.//QzlgxACWWOus9WW','',42,1,1,0,0,0,'user','VBNWTc6MMr2rFFdE1YIA09uabW8IA3TdvpEgC7MPfCaVoNEmpWXHl1Hez8FR','2018-08-28 13:26:50','2018-08-28 13:26:50',NULL,NULL,NULL),(114,6,'Michaelcreex','Michael','Puerta','michaelp1203@gmail.com','3023163156','$2y$10$4tT6LeMRUvrHFRrpWZ7o8e2zmCBFp55g7cyh5MS/qPHO9l0QFYzi.','',73,1,1,0,0,0,'user','KA8GmT0jYQJUyM4qZJlSCeCqNsjqRsAaUx5tSNJAu2lYdjcs7z6XkgcVmkca','2018-08-28 14:29:15','2018-09-04 17:39:06',NULL,NULL,NULL),(115,10,'Asoto1981','Adrian Esteban','Soto Aguilar','asotoentrepreneur@gmail.com','72690136','$2y$10$RJuccyl9TrmIpYEt41ioHOaSKoCMELtBj9784sGcGpNxxNn.ZzMYC','',28,1,1,0,0,0,'user','8uD7w3qYtcxWMY1k7YE1GdeVicFpHGTFE5tjmg8cyrvU6461T4xzl0EQINFG','2018-08-28 15:00:29','2018-08-28 22:17:18',NULL,NULL,NULL),(116,10,'gustavo','Gustavo','Ruiz Santamaria','Gruizsantamaria@gmail.com','8428 2825','$2y$10$icAPqVxTUm4wHCgEOX/U1e9AE0A4mhewfarYXyJwMZ3HdkRgBuy0O','',113,1,1,0,0,0,'user',NULL,'2018-08-28 21:20:46','2018-08-28 21:20:46',NULL,NULL,NULL),(117,7,'Azael12018','Azael','Argeñal','azael1524@hotmail.com','0050495815838','$2y$10$gL3OFkgZdA7rCAohbr5Hi.yBGiMLjkYTzCfUWVhKerpmculkEEFpK','',6,1,1,0,0,0,'user',NULL,'2018-08-29 10:48:27','2018-08-29 16:20:27',NULL,NULL,NULL),(118,10,'mcamposh25@gmail.com','Michael','Campos','mcamposh25@gmail.com','50683807154','$2y$10$vlArutIuEoTWllUrjkwqsuaN638jPNPWwWX2xyXXZxi2IBsG2FJia','1H58FXNEi1RhcJhHVvDisxeyCLqrvKnsxn',28,1,1,0,0,0,'user','HfcaMcydNyr0ZUnUpiDUJLO3y9cLpSUqfPIWYsXDJxBJ1cihKwi1oYnk1MXB','2018-08-29 17:02:28','2018-08-29 17:39:03',NULL,NULL,NULL),(119,1,'wil151@hotmail.com','WILBERG','OBANDO BERMUDEZ','wil151@hotmail.com','83082307','$2y$10$q23Hk1273dSgtAMo09jb3encULqrgGWK.9N2N0om2Jm8gGI0AZVVi','',64,1,1,0,0,0,'invitado',NULL,'2018-08-29 20:28:31','2018-08-29 20:28:31',NULL,NULL,NULL),(120,8,'thinkin','Think In','Technology Solutions','gerencia@think-in.co','3005020590','$2y$10$Dg9tsnjHMMVskoz4.z1qb.QP4gjl2qRdJl89Bvsaptocp1pP6rLuq','',1,1,1,0,0,0,'user',NULL,'2018-08-30 06:23:36','2018-08-30 06:25:16',NULL,NULL,NULL),(121,10,'franciscoliwong','Francisco','Li Wong','franciscoliwong@gmail.com','87232763','$2y$10$iefeg2PuNF0grd8NgB3HkOZOOwfunJGkGsRX.us5ZoT4sjIyMvpxe','37rC1PYDgn1TBM9gm3RBj4tmKRBffCttQt',32,1,1,0,0,0,'user','lIXfqNczBCei7uI0SnUARGk8gmdggc2pfJ03KIOMkpH8iE661m3jK6ifYvf5','2018-08-30 09:19:46','2018-08-31 11:46:42',NULL,NULL,NULL),(122,1,'Ildemar','Krapula10','Belisario','ildemarbelisariogarcia@gmail.co','+51978437936','$2y$10$uQI55nYl/O4dAj4niZytmulgmdnJzxwUUpGX82aqAWcxOuZRm24fu','',55,1,1,0,0,0,'invitado',NULL,'2018-08-30 13:34:00','2018-08-30 13:34:00',NULL,NULL,NULL),(123,8,'ElJoker_DeForex','Carlos Joel','Navarro Young','carlosjoelnavarroyoung@gmail.com','+50760164402','$2y$10$l1FDqbG4jC5L1mvYdApz7eGH7NrNhxb9e8AgAWxIDb/j2XBBhclIu','',113,1,1,0,0,0,'user','FJ487ghvsvVlQla3CCxSJ4c6piefkyVMdOCVHO9pXnb2bxroVMoKx7rzECnq','2018-08-30 14:40:39','2018-08-30 14:49:49',NULL,NULL,NULL),(124,1,'jovenrico','Juan Carlos','Gallardo','jovenrico@gmail.com','+593984642620','$2y$10$coH3Pwyl.WXXoUHSzK8Gw.iOwbHLsTREucorroWX.p0oHas6R8J1u','',42,1,1,0,0,0,'invitado',NULL,'2018-08-30 15:14:57','2018-08-30 15:14:57',NULL,NULL,NULL),(125,5,'marcospavez','Marcos Maximo','Pavez Ubilla','marcospavez@hotmail.com','+56981578450','$2y$10$6qC2oo49DexRkrxcBATeE.MOsMJ1uEgxzI5zFz0b.MNedEYG4ghqa','',1,1,1,0,0,0,'user',NULL,'2018-08-31 11:57:54','2018-08-31 12:14:23',NULL,NULL,NULL),(126,1,'Maecro1398','Marcos Ernesto','Castro Romero','maecro2018@gmail.com','95940962','$2y$10$/e0W3zQ.UP5GAQkwpAhqJOjMwDi99Px/2/WQiVraFoX.mFSnuQd0K','',56,1,1,0,0,0,'invitado','XsnGMUVCR05CjLEWrkRvMYdz7aZ6AJnEbuvK2GEt37u8DFNiLF51zBE0ruM8','2018-08-31 16:31:26','2018-08-31 16:31:26',NULL,NULL,NULL),(127,1,'Mar1994','Marisol','Hernandez','mar1994sol@hotmail.com','95455564','$2y$10$EiCrBFSPB4.WmK6geMftB.rIzg/tfCu2bl5K95x6y.SP5of.66y56','',55,1,1,0,0,0,'invitado',NULL,'2018-08-31 17:02:37','2018-08-31 17:02:37',NULL,NULL,NULL),(128,1,'isaaccstillo','Isaac','Castillo','cryptoworks0@gmail.com','829-701-1212','$2y$10$vN2unn5fgYX4gltJQVqOHOZ46Cx92IPjeECvhzAWCi5Wst6t6bB16','',55,1,1,0,0,0,'invitado','vv8QtndfLZClzqRqxilAgylsVUgfBE61ublPwLS8QxjZg6B2BcJ6N9jtiLKf','2018-09-01 03:46:33','2018-09-01 03:46:33',NULL,NULL,NULL),(129,6,'Angelo leonardo','Angelo','Dass','angelodass21@gmail.com','955225830','$2y$10$aVPKEjr3NAZmizSJl3dUc.U5pLcaXECITYwLyp0X0.bWxufwqgNiW','',37,1,1,0,0,0,'user',NULL,'2018-09-01 06:57:37','2018-09-01 07:04:04',NULL,NULL,NULL),(130,1,'mayk malcol monasterios','michael justo','monasterios nina','mechi-15@live.com','78834519','$2y$10$u27K25CN9iTUWa2hFIoHU.u6oFlHuYK4pfiadlh8eqxrewMGtE41a','',55,1,1,0,0,0,'invitado',NULL,'2018-09-01 08:44:30','2018-09-01 08:44:30',NULL,NULL,NULL),(131,1,'Carsulva','Carlos','Sulvaran','Csulvaran7@gmail.com','+5219212354822','$2y$10$y69.4A5KXalb4vOSqaIJcut6JsEufpKJj/Nr6GEdXV0oy9nVFayLK','',55,1,1,0,0,0,'invitado',NULL,'2018-09-02 07:29:29','2018-09-02 07:29:29',NULL,NULL,NULL),(132,1,'09043000','Carlos','Mayta Diaz','cmayta3000@gmail.com','51934085899','$2y$10$Nz3WZTVHaQrA6rnnlelDBukLNHX1MmvQLYJzBRyOgTzaxl7hoc8ge','',42,1,1,0,0,0,'invitado',NULL,'2018-09-02 09:22:51','2018-09-02 09:22:51',NULL,NULL,NULL),(133,6,'Gissel Sarmiento','Gissel','Sarmiento','dsarmiento01@gmail.com','+50760613011','$2y$10$4dv1HXblMv8qGlVknSXkieqqcSpOqkmIiH8jmwJ.UPUxpyXcOdg0W','',123,1,1,0,0,0,'user','wp83gpYWbmJ6VHpR2pSkSJ9Ix9fpgGMQMthWnm5WxJZCZtF0CMQxr8w7g6P4','2018-09-02 13:07:41','2018-09-03 12:29:21',NULL,NULL,NULL),(134,1,'dzavala','Fidel','Zavala','d.zavala@hotmail.es','61334948','$2y$10$EXLxY.VQbcRMKK0kC0et2OloLwSgyva89rwUB9WaFJ9D9NOTCJ/x2','1mPJMBw3BZKWoq98uw6KacVet5doTdy4N',26,1,1,0,0,0,'user','cIvnrlFL79bDoOocPWzR0ENCpCUlpxeOpQf0Hgu2qssMGTfrjER9K4rCzP8T','2018-09-02 15:29:07','2018-09-02 15:40:28',NULL,NULL,NULL),(135,1,'Maryh85','Maritza','Hernandez Diaz','maritzaherdez1985@hotmail.com','97810572','$2y$10$DzHS8yqT4MQi9hxsAIDgPOhPKmLW9VFn5jw1h2HZafpykFc2xT6Ji','',56,1,1,0,0,0,'invitado',NULL,'2018-09-02 17:02:17','2018-09-02 17:02:17',NULL,NULL,NULL),(136,8,'juancarlos','Juan Carlos','Sanchez Montes de Oca','contactoempresarial@yahoo.es','51984609381','$2y$10$RwoOqeNhWLr.OBCKac3l/e24Qbw1In.01XIrSFJP2dCen5FK04jLW','',1,1,1,0,0,0,'user','dqlCtiGZd9G3YXyzttJeu8I1fKD7HvIb3YyPfoAaDKAWB0bpRZWR8th1sRcd','2018-09-03 08:25:27','2018-09-03 08:43:11',NULL,NULL,NULL),(137,1,'jll945','Jose Luis','Lopez','jll061945@gmail.com','5492262510280','$2y$10$ydOhnLeSMEWF/ptDYAy6muag.YHYsCUZxT0O0fIk43YE.mpti/Vy.','',42,1,1,0,0,0,'invitado',NULL,'2018-09-03 11:16:12','2018-09-03 11:16:12',NULL,NULL,NULL),(138,1,'pchaves','Pablo','Chaves Martinez','az09pabloc@gmail.com','506 85146835','$2y$10$U3GtzjGZvwafN/Q2/FLZGeu07J2j0gwqeHjuoumF1iAhVNg5.H0jC','',38,1,1,0,0,0,'invitado',NULL,'2018-09-03 14:04:48','2018-09-03 14:04:48',NULL,NULL,NULL),(139,1,'jasonfma','Jason Frederick','Martínez Alcántara','jasonfma@gmail.com','+18099152275','$2y$10$EMTSJTfUnISSN9Je2DrcoOZNA2oMjt1XU2BRHYhkqDdJEq0HzIB/e','3JVbu7DQvuheffa8SR7Ee6eTVkSWeDeCq4',55,1,1,0,0,0,'user','miNDeKxi4T7gqybDareXZHPUfaEhtRUxnaSGiSJUQIZpRyCxvAnh2XqDA9A8','2018-09-03 15:09:42','2018-09-03 18:13:53',NULL,NULL,NULL),(140,1,'andreanath','andreanath','Andrea','andreanath@hotmail.com','0983666339','$2y$10$6.FxHkpg8ElHk1mIc5mOP.dEtOM1VptC0LSxZnCMxSDtaUt5mX.T2','',55,1,1,0,0,0,'invitado',NULL,'2018-09-04 06:17:54','2018-09-04 06:17:54',NULL,NULL,NULL),(141,5,'lucianolotus','Luciano','Lotus','thelucianolotus@gmail.com','+56935174487','$2y$10$/Il1vTFABVs6Z8AOXTPKXe524L52baVkiT2REAZ40cFtJqBVXLUIC','',1,1,1,0,0,0,'user',NULL,'2018-09-04 09:03:45','2018-09-04 09:04:30',NULL,NULL,NULL),(142,10,'jcnovoa21','Julio','Novoa','jcnovoa21@gmail.com','+56950786319','$2y$10$q3eapCTbDY74BUcxszKde.nmQhhLNrcue9g8rcLDQhfQbIk9FuHQK','',133,1,1,0,0,0,'user','v9EevXsfepplfjaerjNTKXb3CFNXBA9hQQJeut7Bnt5zwCaAFsrSvuflEXi3','2018-09-04 20:25:07','2018-09-04 20:26:39',NULL,NULL,NULL),(143,10,'Beto290','Alberto','Luo','betiito290@gmail.com','+50764563156','$2y$10$EekO2cZdvomcBSBIU51oaumVW8.Hu2FYrE9k7uL1s9X6yrJmBpJVG','',133,1,1,0,0,0,'user','eK7CCfjrDelkES3rN0sAZWroCImZUAOy5ul11UdAtL1B5iIY0VHe7nnT7Pbv','2018-09-04 21:53:05','2018-09-05 08:57:50',NULL,NULL,NULL),(144,10,'Kevinrox23','Kevin','Alberto','kevinrox19@hotmail.com','+58984000229','$2y$10$AKfVUeYmFkxz457gm4prhOpt//zIPt.4rPahE/6JlPmDuI2k.O/NK','',142,1,1,0,0,0,'user','SKB0XS8iQASwbmCz7ow5dOyfZtLTryY4IvHEy692iRMe6nSbE0bKzqdRxPVn','2018-09-04 22:01:42','2018-09-07 18:38:29',NULL,NULL,NULL),(145,1,'mcarmona77','Mario','Carmona','marcarmo17@hotmail.com','+56974792062','$2y$10$HTNw0b6Tqc9QhXaDDAIM1OlzBUKeCO6tVop4LnEwDOlHEj6NDi3e2','',42,1,1,0,0,0,'invitado',NULL,'2018-09-06 07:25:41','2018-09-06 07:25:41',NULL,NULL,NULL),(146,10,'Luis-tradercreex','Luis','Quintana','luisino2727@gmail.com','+573173405132','$2y$10$ssmpA0nwONZsRg3pur31HuhOkfpIDjjkQsJML4B8WuCHAdcNA226e','',133,1,1,0,0,0,'user',NULL,'2018-09-06 20:41:52','2018-09-07 16:55:26',NULL,NULL,NULL),(147,8,'Cryptoforever','Juan Jose','Alvarez Moya','jjprosperityforever@gmail.com','7866832419','$2y$10$9WxYzjUUx7a8UQLu5SoAou1rbOph5tFfHDPsLqvpocf6NQ5Zx6Hgy','',1,1,1,0,0,0,'user',NULL,'2018-09-06 21:24:26','2018-09-07 15:32:37',NULL,NULL,NULL),(148,10,'smcastillo','Sandra','Castillo','castillosamantha15@gmail.com','+50763017352','$2y$10$IUO.365XwBgCjCWaQnFkau3f7klR0W3VSyMDEvH7w.ezpMi1dJFDW','',133,1,1,0,0,0,'user',NULL,'2018-09-07 08:10:16','2018-09-07 09:36:19',NULL,NULL,NULL),(149,1,'Maryhd85','Maritza','Hernandez Diaz','maritzaherdez85@hotmail.com','97810572','$2y$10$vZyI/qXwQ3fTjKlwa2lZwOX/3a5ki.AwnJKG0K4h08CzscWuX4nzW','',56,1,1,0,0,0,'invitado','mu3Qwww33NRGDouDaAzMo9LZhcyYrsxXkRC1ggYk1w1L0DiV4rl2n79aAJnw','2018-09-08 16:36:20','2018-09-08 16:36:20',NULL,NULL,NULL),(150,1,'Carlos','Carlos','Pérez','carlos.pbravo05@gmail.com','±56966290563','$2y$10$FXYiDWUwCS8DSLBk195ZP./oSPWczx9ilVCGfSkmuDy9OYdbjb0Qe','',55,1,1,0,0,0,'invitado',NULL,'2018-09-08 17:44:28','2018-09-08 17:44:28',NULL,NULL,NULL),(151,1,'Magdalena','Magdalena','Zeballos','kdcoc@hotmail.com','093546457','$2y$10$FYBgyYoKHdPHMgSfll9BOe0jFzVCuNzDc6M4MZ/H4w17avLoC4I7K','',42,1,1,0,0,0,'invitado','Gvem2x1Uvk7mToAmltyXwKmohO0XLl1X1GvDH0HlVI9rT9Ioap589PAXa5cZ','2018-09-09 07:36:13','2018-09-09 07:36:13',NULL,NULL,NULL),(152,1,'momentun','Manuel','Garcia','manuelgarciaus@gmail.com','13054586844','$2y$10$.MWX.yau4yzeLHtlkwIFVuuBx0QmX1FLSM.BRUZmC7ncCURl45Ora','',14,1,1,0,0,0,'invitado','tw2dBQcywN4DDUdoTleaKyA0XgO7Z8YG34Bx6WLrIXE9aJXK9GPpm7mDRnAt','2018-09-09 08:20:53','2018-09-09 08:20:53',NULL,NULL,NULL),(153,10,'WillJimenez2018','Wilfred José','Jiménez Valverde','maestro1914jose@hotmail.com','506 87088175','$2y$10$IJqwJLLRE2.CyWzV5F8i.Oy5tJ9P1B2/M8GUpm2Eek3bRVE7B7kCy','',64,1,1,0,0,0,'user','sjEPC4nALH37v38D0vvaaBQuLdOCvD8RNaQmGlAmuBOiQimZkmNEobNf1uv1','2018-09-10 05:44:22','2018-09-10 13:59:03',NULL,NULL,NULL),(154,1,'coachmarketer','Alvaro','Ruiz','emarketing.business74@gmail.com','4142164938','$2y$10$L8likBjfi9Z0XWfWuUC3j.M/7PldxSPOcNTXv1kVrf8UJf7l1LzmO','',46,1,1,0,0,0,'invitado','YCTy5GUplCvctbJKHf0GVvQBbvAD9N5xsIluFiZCbPwEnk1hiJ8gmk5p0ZN6','2018-09-10 08:07:11','2018-09-10 08:07:11',NULL,NULL,NULL),(155,1,'joseibarra','jose','ibarra','jose.o.i.k@hotmail.com','3058428335','$2y$10$KG.d0qav7y.B/3ufBI1EE.8OTlcsvqtAMIzuRY6Mn5kn1MEM5OqgW','',70,1,1,0,0,0,'invitado',NULL,'2018-09-10 15:15:17','2018-09-10 15:15:17',NULL,NULL,NULL),(156,1,'adrianpg','Adrian','Renato','renato.pacahuala@gmail.com','+51 977 998 416','$2y$10$7qviW75JzuVKCw03P0WdEOylpGj8VGWgh9UF/XrXMENVGBoySSk3G','',37,1,1,0,0,0,'invitado','EtzFdUGj60Jdz2WTk3oCgGR0wOPIRi6f60SvEhYBnhSU2hCpeGjmtZaD61T6','2018-09-10 17:16:50','2018-09-10 17:16:50',NULL,NULL,NULL);
/*!40000 ALTER TABLE `users` ENABLE KEYS */;
UNLOCK TABLES;
/*!40103 SET TIME_ZONE=@OLD_TIME_ZONE */;

/*!40101 SET SQL_MODE=@OLD_SQL_MODE */;
/*!40014 SET FOREIGN_KEY_CHECKS=@OLD_FOREIGN_KEY_CHECKS */;
/*!40014 SET UNIQUE_CHECKS=@OLD_UNIQUE_CHECKS */;
/*!40101 SET CHARACTER_SET_CLIENT=@OLD_CHARACTER_SET_CLIENT */;
/*!40101 SET CHARACTER_SET_RESULTS=@OLD_CHARACTER_SET_RESULTS */;
/*!40101 SET COLLATION_CONNECTION=@OLD_COLLATION_CONNECTION */;
/*!40111 SET SQL_NOTES=@OLD_SQL_NOTES */;

-- Dump completed on 2018-09-11  5:38:39
